"No.","Time","Source","Destination","Protocol","Length","Info"
"1","0.000000","192.168.1.107","taurinus.sui-inter.net","TCP","66","57174  >  443 [SYN] Seq=0 Win=64240 Len=0 MSS=1460 WS=256 SACK_PERM"
"2","0.008267","taurinus.sui-inter.net","192.168.1.107","TCP","66","443  >  57174 [SYN, ACK] Seq=0 Ack=1 Win=29200 Len=0 MSS=1460 SACK_PERM WS=128"
"3","0.008390","192.168.1.107","taurinus.sui-inter.net","TCP","54","57174  >  443 [ACK] Seq=1 Ack=1 Win=262656 Len=0"
"4","0.009654","192.168.1.107","taurinus.sui-inter.net","TLSv1.3","712","Client Hello (SNI=www.kbw.ch)"
"5","0.015936","taurinus.sui-inter.net","192.168.1.107","TCP","54","443  >  57174 [ACK] Seq=1 Ack=659 Win=30592 Len=0"
"6","0.018884","taurinus.sui-inter.net","192.168.1.107","TLSv1.3","1514","Server Hello, Change Cipher Spec, Application Data"
"7","0.018884","taurinus.sui-inter.net","192.168.1.107","TLSv1.3","1514","Application Data"
"8","0.018884","taurinus.sui-inter.net","192.168.1.107","TLSv1.3","255","Application Data, Application Data"
"9","0.018970","192.168.1.107","taurinus.sui-inter.net","TCP","54","57174  >  443 [ACK] Seq=659 Ack=3122 Win=262656 Len=0"
"10","0.127747","192.168.1.107","taurinus.sui-inter.net","TCP","66","57176  >  443 [SYN] Seq=0 Win=64240 Len=0 MSS=1460 WS=256 SACK_PERM"
"11","0.132952","taurinus.sui-inter.net","192.168.1.107","TCP","66","443  >  57176 [SYN, ACK] Seq=0 Ack=1 Win=29200 Len=0 MSS=1460 SACK_PERM WS=128"
"12","0.133049","192.168.1.107","taurinus.sui-inter.net","TCP","54","57176  >  443 [ACK] Seq=1 Ack=1 Win=262656 Len=0"
"13","0.134478","192.168.1.107","taurinus.sui-inter.net","TLSv1.3","712","Client Hello (SNI=www.kbw.ch)"
"14","0.140071","taurinus.sui-inter.net","192.168.1.107","TCP","54","443  >  57176 [ACK] Seq=1 Ack=659 Win=30592 Len=0"
"15","0.141950","taurinus.sui-inter.net","192.168.1.107","TLSv1.3","1514","Server Hello, Change Cipher Spec, Application Data"
"16","0.141950","taurinus.sui-inter.net","192.168.1.107","TLSv1.3","1514","Application Data"
"17","0.141950","taurinus.sui-inter.net","192.168.1.107","TLSv1.3","255","Application Data, Application Data"
"18","0.142040","192.168.1.107","taurinus.sui-inter.net","TCP","54","57176  >  443 [ACK] Seq=659 Ack=3122 Win=262656 Len=0"
"19","0.236827","192.168.1.107","taurinus.sui-inter.net","TLSv1.3","118","Change Cipher Spec, Application Data"
"20","0.237396","192.168.1.107","taurinus.sui-inter.net","TLSv1.3","224","Application Data"
"21","0.242539","taurinus.sui-inter.net","192.168.1.107","TLSv1.3","325","Application Data"
"22","0.242539","taurinus.sui-inter.net","192.168.1.107","TLSv1.3","325","Application Data"
"23","0.242539","taurinus.sui-inter.net","192.168.1.107","TLSv1.3","116","Application Data"
"24","0.242616","192.168.1.107","taurinus.sui-inter.net","TCP","54","57174  >  443 [ACK] Seq=893 Ack=3726 Win=262144 Len=0"
"25","0.243097","taurinus.sui-inter.net","192.168.1.107","TLSv1.3","85","Application Data"
"26","0.243139","192.168.1.107","taurinus.sui-inter.net","TCP","54","57174  >  443 [ACK] Seq=893 Ack=3757 Win=262144 Len=0"
"27","0.243520","192.168.1.107","taurinus.sui-inter.net","TLSv1.3","85","Application Data"
"28","0.274457","192.168.1.107","taurinus.sui-inter.net","TLSv1.3","118","Change Cipher Spec, Application Data"
"29","0.275412","192.168.1.107","taurinus.sui-inter.net","TLSv1.3","241","Application Data"
"30","0.279174","taurinus.sui-inter.net","192.168.1.107","TLSv1.3","325","Application Data"
"31","0.279174","taurinus.sui-inter.net","192.168.1.107","TLSv1.3","325","Application Data"
"32","0.279174","taurinus.sui-inter.net","192.168.1.107","TLSv1.3","125","Application Data"
"33","0.279309","192.168.1.107","taurinus.sui-inter.net","TCP","54","57176  >  443 [ACK] Seq=910 Ack=3735 Win=262144 Len=0"
"34","0.280962","192.168.1.107","taurinus.sui-inter.net","TLSv1.3","78","Application Data"
"35","0.281042","192.168.1.107","taurinus.sui-inter.net","TCP","54","57176  >  443 [FIN, ACK] Seq=934 Ack=3735 Win=262144 Len=0"
"36","0.285361","taurinus.sui-inter.net","192.168.1.107","TCP","54","443  >  57176 [FIN, ACK] Seq=3735 Ack=935 Win=31872 Len=0"
"37","0.285432","192.168.1.107","taurinus.sui-inter.net","TCP","54","57176  >  443 [ACK] Seq=935 Ack=3736 Win=262144 Len=0"
"38","0.290070","taurinus.sui-inter.net","192.168.1.107","TCP","54","443  >  57174 [ACK] Seq=3757 Ack=924 Win=31872 Len=0"
"39","1.236802","192.168.1.107","taurinus.sui-inter.net","TLSv1.3","391","Application Data"
"40","1.246294","taurinus.sui-inter.net","192.168.1.107","TCP","60","443  >  57174 [ACK] Seq=3757 Ack=1261 Win=33152 Len=0"
"41","1.771510","taurinus.sui-inter.net","192.168.1.107","TCP","1514","443  >  57174 [ACK] Seq=3757 Ack=1261 Win=33152 Len=1460 [TCP segment of a reassembled PDU]"
"42","1.771510","taurinus.sui-inter.net","192.168.1.107","TCP","1514","443  >  57174 [ACK] Seq=5217 Ack=1261 Win=33152 Len=1460 [TCP segment of a reassembled PDU]"
"43","1.771510","taurinus.sui-inter.net","192.168.1.107","TCP","1514","443  >  57174 [ACK] Seq=6677 Ack=1261 Win=33152 Len=1460 [TCP segment of a reassembled PDU]"
"44","1.771510","taurinus.sui-inter.net","192.168.1.107","TLSv1.3","113","Application Data"
"45","1.771510","taurinus.sui-inter.net","192.168.1.107","TLSv1.3","85","Application Data"
"46","1.771510","taurinus.sui-inter.net","192.168.1.107","TCP","85","[TCP Retransmission] 443  >  57174 [PSH, ACK] Seq=8196 Ack=1261 Win=33152 Len=31"
"47","1.771673","192.168.1.107","taurinus.sui-inter.net","TCP","66","57174  >  443 [ACK] Seq=1261 Ack=8227 Win=262656 Len=0 SLE=8196 SRE=8227"
"48","1.856051","192.168.1.107","taurinus.sui-inter.net","TLSv1.3","228","Application Data"
"49","1.857429","192.168.1.107","taurinus.sui-inter.net","TLSv1.3","161","Application Data"
"50","1.857732","192.168.1.107","taurinus.sui-inter.net","TLSv1.3","145","Application Data"
"51","1.862067","192.168.1.107","taurinus.sui-inter.net","TLSv1.3","89","Application Data"
"52","1.862539","taurinus.sui-inter.net","192.168.1.107","TCP","60","443  >  57174 [ACK] Seq=8227 Ack=1435 Win=34560 Len=0"
"53","1.862539","taurinus.sui-inter.net","192.168.1.107","TCP","60","443  >  57174 [ACK] Seq=8227 Ack=1542 Win=34560 Len=0"
"54","1.865879","192.168.1.107","taurinus.sui-inter.net","TLSv1.3","89","Application Data"
"55","1.866143","192.168.1.107","taurinus.sui-inter.net","TLSv1.3","89","Application Data"
"56","1.866438","192.168.1.107","taurinus.sui-inter.net","TLSv1.3","143","Application Data"
"57","1.867925","192.168.1.107","taurinus.sui-inter.net","TLSv1.3","89","Application Data"
"58","1.876558","taurinus.sui-inter.net","192.168.1.107","TCP","60","443  >  57174 [ACK] Seq=8227 Ack=1633 Win=34560 Len=0"
"59","1.876558","taurinus.sui-inter.net","192.168.1.107","TLSv1.3","1335","Application Data"
"60","1.876558","taurinus.sui-inter.net","192.168.1.107","TCP","1514","443  >  57174 [ACK] Seq=9508 Ack=1633 Win=34560 Len=1460 [TCP segment of a reassembled PDU]"
"61","1.876558","taurinus.sui-inter.net","192.168.1.107","TLSv1.3","185","Application Data"
"62","1.876558","taurinus.sui-inter.net","192.168.1.107","TCP","1514","443  >  57174 [ACK] Seq=11099 Ack=1633 Win=34560 Len=1460 [TCP segment of a reassembled PDU]"
"63","1.876558","taurinus.sui-inter.net","192.168.1.107","TCP","1514","443  >  57174 [ACK] Seq=12559 Ack=1633 Win=34560 Len=1460 [TCP segment of a reassembled PDU]"
"64","1.876558","taurinus.sui-inter.net","192.168.1.107","TCP","1514","443  >  57174 [ACK] Seq=14019 Ack=1633 Win=34560 Len=1460 [TCP segment of a reassembled PDU]"
"65","1.876558","taurinus.sui-inter.net","192.168.1.107","TLSv1.3","134","Application Data"
"66","1.876558","taurinus.sui-inter.net","192.168.1.107","TCP","60","443  >  57174 [ACK] Seq=15559 Ack=1827 Win=34560 Len=0"
"67","1.876796","192.168.1.107","taurinus.sui-inter.net","TCP","54","57174  >  443 [ACK] Seq=1862 Ack=15559 Win=262656 Len=0"
"68","1.909347","192.168.1.107","taurinus.sui-inter.net","TLSv1.3","189","Application Data"
"69","1.909626","192.168.1.107","taurinus.sui-inter.net","TLSv1.3","175","Application Data"
"70","1.909919","192.168.1.107","taurinus.sui-inter.net","TLSv1.3","148","Application Data"
"71","1.910204","192.168.1.107","taurinus.sui-inter.net","TLSv1.3","150","Application Data"
"72","1.910985","192.168.1.107","taurinus.sui-inter.net","TLSv1.3","154","Application Data"
"73","1.911236","taurinus.sui-inter.net","192.168.1.107","TCP","60","443  >  57174 [ACK] Seq=15559 Ack=1862 Win=34560 Len=0"
"74","1.912694","192.168.1.107","taurinus.sui-inter.net","TLSv1.3","153","Application Data"
"75","1.912973","192.168.1.107","taurinus.sui-inter.net","TLSv1.3","150","Application Data"
"76","1.913879","taurinus.sui-inter.net","192.168.1.107","TCP","60","443  >  57174 [ACK] Seq=15559 Ack=1997 Win=35840 Len=0"
"77","1.913881","192.168.1.107","taurinus.sui-inter.net","TLSv1.3","145","Application Data"
"78","1.913879","taurinus.sui-inter.net","192.168.1.107","TCP","60","443  >  57174 [ACK] Seq=15559 Ack=2118 Win=35840 Len=0"
"79","1.915716","192.168.1.107","taurinus.sui-inter.net","TLSv1.3","145","Application Data"
"80","1.916308","taurinus.sui-inter.net","192.168.1.107","TCP","60","443  >  57174 [ACK] Seq=15559 Ack=2212 Win=35840 Len=0"
"81","1.916308","taurinus.sui-inter.net","192.168.1.107","TCP","60","443  >  57174 [ACK] Seq=15559 Ack=2308 Win=35840 Len=0"
"82","1.916308","taurinus.sui-inter.net","192.168.1.107","TCP","60","443  >  57174 [ACK] Seq=15559 Ack=2408 Win=35840 Len=0"
"83","1.917725","taurinus.sui-inter.net","192.168.1.107","TCP","1514","443  >  57174 [ACK] Seq=15559 Ack=2603 Win=35840 Len=1460 [TCP segment of a reassembled PDU]"
"84","1.917806","192.168.1.107","taurinus.sui-inter.net","TCP","54","57174  >  443 [ACK] Seq=2785 Ack=17019 Win=262656 Len=0"
"85","1.918307","192.168.1.107","taurinus.sui-inter.net","TLSv1.3","89","Application Data"
"86","1.919332","taurinus.sui-inter.net","192.168.1.107","TCP","1514","443  >  57174 [ACK] Seq=17019 Ack=2603 Win=35840 Len=1460 [TCP segment of a reassembled PDU]"
"87","1.919332","taurinus.sui-inter.net","192.168.1.107","TCP","1514","443  >  57174 [ACK] Seq=18479 Ack=2603 Win=35840 Len=1460 [TCP segment of a reassembled PDU]"
"88","1.919332","taurinus.sui-inter.net","192.168.1.107","TCP","1514","443  >  57174 [ACK] Seq=19939 Ack=2603 Win=35840 Len=1460 [TCP segment of a reassembled PDU]"
"89","1.919332","taurinus.sui-inter.net","192.168.1.107","TCP","1514","443  >  57174 [ACK] Seq=21399 Ack=2603 Win=35840 Len=1460 [TCP segment of a reassembled PDU]"
"90","1.919332","taurinus.sui-inter.net","192.168.1.107","TCP","1514","443  >  57174 [ACK] Seq=22859 Ack=2603 Win=35840 Len=1460 [TCP segment of a reassembled PDU]"
"91","1.919332","taurinus.sui-inter.net","192.168.1.107","TCP","1514","443  >  57174 [ACK] Seq=24319 Ack=2603 Win=35840 Len=1460 [TCP segment of a reassembled PDU]"
"92","1.919332","taurinus.sui-inter.net","192.168.1.107","TCP","1514","443  >  57174 [ACK] Seq=25779 Ack=2603 Win=35840 Len=1460 [TCP segment of a reassembled PDU]"
"93","1.919332","taurinus.sui-inter.net","192.168.1.107","TCP","1514","443  >  57174 [ACK] Seq=27239 Ack=2603 Win=35840 Len=1460 [TCP segment of a reassembled PDU]"
"94","1.919460","192.168.1.107","taurinus.sui-inter.net","TCP","54","57174  >  443 [ACK] Seq=2820 Ack=28699 Win=262656 Len=0"
"95","1.919694","taurinus.sui-inter.net","192.168.1.107","TCP","1514","443  >  57174 [ACK] Seq=28699 Ack=2785 Win=35840 Len=1460 [TCP segment of a reassembled PDU]"
"96","1.919742","192.168.1.107","taurinus.sui-inter.net","TCP","54","57174  >  443 [ACK] Seq=2820 Ack=30159 Win=262656 Len=0"
"97","1.920454","192.168.1.107","taurinus.sui-inter.net","TLSv1.3","89","Application Data"
"98","1.920933","192.168.1.107","taurinus.sui-inter.net","TLSv1.3","89","Application Data"
"99","1.922967","192.168.1.107","taurinus.sui-inter.net","TLSv1.3","89","Application Data"
"100","1.923467","taurinus.sui-inter.net","192.168.1.107","TCP","1514","443  >  57174 [ACK] Seq=30159 Ack=2785 Win=35840 Len=1460 [TCP segment of a reassembled PDU]"
"101","1.923513","192.168.1.107","taurinus.sui-inter.net","TCP","54","57174  >  443 [ACK] Seq=2925 Ack=31619 Win=262656 Len=0"
"102","1.923617","192.168.1.107","taurinus.sui-inter.net","TLSv1.3","89","Application Data"
"103","1.923828","taurinus.sui-inter.net","192.168.1.107","TLSv1.3","1514","Application Data"
"104","1.923828","taurinus.sui-inter.net","192.168.1.107","TCP","1514","443  >  57174 [ACK] Seq=33079 Ack=2820 Win=35840 Len=1460 [TCP segment of a reassembled PDU]"
"105","1.923884","192.168.1.107","taurinus.sui-inter.net","TCP","54","57174  >  443 [ACK] Seq=2960 Ack=34539 Win=262656 Len=0"
"106","1.923967","192.168.1.107","taurinus.sui-inter.net","TLSv1.3","89","Application Data"
"107","1.924293","192.168.1.107","taurinus.sui-inter.net","TLSv1.3","89","Application Data"
"108","1.926508","taurinus.sui-inter.net","192.168.1.107","TCP","1514","443  >  57174 [ACK] Seq=34539 Ack=2820 Win=35840 Len=1460 [TCP segment of a reassembled PDU]"
"109","1.926508","taurinus.sui-inter.net","192.168.1.107","TCP","1514","443  >  57174 [ACK] Seq=35999 Ack=2820 Win=35840 Len=1460 [TCP segment of a reassembled PDU]"
"110","1.926508","taurinus.sui-inter.net","192.168.1.107","TCP","1514","443  >  57174 [ACK] Seq=37459 Ack=2820 Win=35840 Len=1460 [TCP segment of a reassembled PDU]"
"111","1.926508","taurinus.sui-inter.net","192.168.1.107","TCP","1514","443  >  57174 [ACK] Seq=38919 Ack=2820 Win=35840 Len=1460 [TCP segment of a reassembled PDU]"
"112","1.926508","taurinus.sui-inter.net","192.168.1.107","TLSv1.3","1514","Application Data"
"113","1.926508","taurinus.sui-inter.net","192.168.1.107","TCP","1514","443  >  57174 [ACK] Seq=41839 Ack=2820 Win=35840 Len=1460 [TCP segment of a reassembled PDU]"
"114","1.926508","taurinus.sui-inter.net","192.168.1.107","TCP","1514","443  >  57174 [ACK] Seq=43299 Ack=2820 Win=35840 Len=1460 [TCP segment of a reassembled PDU]"
"115","1.926635","192.168.1.107","taurinus.sui-inter.net","TCP","54","57174  >  443 [ACK] Seq=3030 Ack=44759 Win=262656 Len=0"
"116","1.928122","taurinus.sui-inter.net","192.168.1.107","TCP","1514","443  >  57174 [ACK] Seq=44759 Ack=2890 Win=35840 Len=1460 [TCP segment of a reassembled PDU]"
"117","1.928122","taurinus.sui-inter.net","192.168.1.107","TCP","1514","443  >  57174 [ACK] Seq=46219 Ack=2890 Win=35840 Len=1460 [TCP segment of a reassembled PDU]"
"118","1.928205","192.168.1.107","taurinus.sui-inter.net","TCP","54","57174  >  443 [ACK] Seq=3030 Ack=47679 Win=262656 Len=0"
"119","1.929404","taurinus.sui-inter.net","192.168.1.107","TLSv1.3","1514","Application Data"
"120","1.929404","taurinus.sui-inter.net","192.168.1.107","TCP","1514","443  >  57174 [ACK] Seq=49139 Ack=2960 Win=35840 Len=1460 [TCP segment of a reassembled PDU]"
"121","1.929404","taurinus.sui-inter.net","192.168.1.107","TCP","1514","443  >  57174 [ACK] Seq=50599 Ack=2960 Win=35840 Len=1460 [TCP segment of a reassembled PDU]"
"122","1.929404","taurinus.sui-inter.net","192.168.1.107","TCP","60","443  >  57174 [ACK] Seq=52059 Ack=3030 Win=35840 Len=0"
"123","1.929526","192.168.1.107","taurinus.sui-inter.net","TCP","54","57174  >  443 [ACK] Seq=3030 Ack=52059 Win=262656 Len=0"
"124","1.935547","192.168.1.107","taurinus.sui-inter.net","TLSv1.3","89","Application Data"
"125","1.936246","taurinus.sui-inter.net","192.168.1.107","TCP","1514","443  >  57174 [ACK] Seq=52059 Ack=3030 Win=35840 Len=1460 [TCP segment of a reassembled PDU]"
"126","1.936246","taurinus.sui-inter.net","192.168.1.107","TCP","1514","443  >  57174 [ACK] Seq=53519 Ack=3030 Win=35840 Len=1460 [TCP segment of a reassembled PDU]"
"127","1.936246","taurinus.sui-inter.net","192.168.1.107","TLSv1.3","1514","Application Data"
"128","1.936246","taurinus.sui-inter.net","192.168.1.107","TLSv1.3","1514","Application Data"
"129","1.936246","taurinus.sui-inter.net","192.168.1.107","TLSv1.3","1514","Application Data"
"130","1.936246","taurinus.sui-inter.net","192.168.1.107","TLSv1.3","1514","Application Data"
"131","1.936246","taurinus.sui-inter.net","192.168.1.107","TCP","1514","443  >  57174 [ACK] Seq=60819 Ack=3030 Win=35840 Len=1460 [TCP segment of a reassembled PDU]"
"132","1.936246","taurinus.sui-inter.net","192.168.1.107","TCP","1514","443  >  57174 [ACK] Seq=62279 Ack=3030 Win=35840 Len=1460 [TCP segment of a reassembled PDU]"
"133","1.936246","taurinus.sui-inter.net","192.168.1.107","TCP","1514","443  >  57174 [ACK] Seq=63739 Ack=3030 Win=35840 Len=1460 [TCP segment of a reassembled PDU]"
"134","1.936246","taurinus.sui-inter.net","192.168.1.107","TLSv1.3","1514","Application Data"
"135","1.936246","taurinus.sui-inter.net","192.168.1.107","TLSv1.3","1514","Application Data"
"136","1.936246","taurinus.sui-inter.net","192.168.1.107","TLSv1.3","338","Application Data"
"137","1.936453","192.168.1.107","taurinus.sui-inter.net","TLSv1.3","89","Application Data"
"138","1.936494","192.168.1.107","taurinus.sui-inter.net","TCP","54","57174  >  443 [ACK] Seq=3100 Ack=63739 Win=262656 Len=0"
"139","1.936660","192.168.1.107","taurinus.sui-inter.net","TCP","54","57174  >  443 [ACK] Seq=3100 Ack=68403 Win=262656 Len=0"
"140","1.950288","taurinus.sui-inter.net","192.168.1.107","TCP","60","443  >  57174 [ACK] Seq=68403 Ack=3100 Win=35840 Len=0"
"141","2.096008","192.168.1.107","taurinus.sui-inter.net","TLSv1.3","184","Application Data"
"142","2.096700","192.168.1.107","taurinus.sui-inter.net","TLSv1.3","145","Application Data"
"143","2.097014","192.168.1.107","taurinus.sui-inter.net","TLSv1.3","149","Application Data"
"144","2.097261","192.168.1.107","taurinus.sui-inter.net","TLSv1.3","146","Application Data"
"145","2.098077","192.168.1.107","taurinus.sui-inter.net","TLSv1.3","152","Application Data"
"146","2.101432","taurinus.sui-inter.net","192.168.1.107","TCP","60","443  >  57174 [ACK] Seq=68403 Ack=3321 Win=37120 Len=0"
"147","2.102099","taurinus.sui-inter.net","192.168.1.107","TCP","60","443  >  57174 [ACK] Seq=68403 Ack=3508 Win=37120 Len=0"
"148","2.102976","taurinus.sui-inter.net","192.168.1.107","TLSv1.3","519","Application Data"
"149","2.102976","taurinus.sui-inter.net","192.168.1.107","TLSv1.3","696","Application Data"
"150","2.103130","192.168.1.107","taurinus.sui-inter.net","TCP","54","57174  >  443 [ACK] Seq=3606 Ack=69510 Win=261632 Len=0"
"151","2.104153","taurinus.sui-inter.net","192.168.1.107","TLSv1.3","574","Application Data"
"152","2.105007","taurinus.sui-inter.net","192.168.1.107","TCP","1514","443  >  57174 [ACK] Seq=70030 Ack=3606 Win=37120 Len=1460 [TCP segment of a reassembled PDU]"
"153","2.105007","taurinus.sui-inter.net","192.168.1.107","TCP","1514","443  >  57174 [ACK] Seq=71490 Ack=3606 Win=37120 Len=1460 [TCP segment of a reassembled PDU]"
"154","2.105007","taurinus.sui-inter.net","192.168.1.107","TCP","1514","443  >  57174 [ACK] Seq=72950 Ack=3606 Win=37120 Len=1460 [TCP segment of a reassembled PDU]"
"155","2.105007","taurinus.sui-inter.net","192.168.1.107","TCP","1514","443  >  57174 [ACK] Seq=74410 Ack=3606 Win=37120 Len=1460 [TCP segment of a reassembled PDU]"
"156","2.105007","taurinus.sui-inter.net","192.168.1.107","TCP","1514","443  >  57174 [ACK] Seq=75870 Ack=3606 Win=37120 Len=1460 [TCP segment of a reassembled PDU]"
"157","2.105115","192.168.1.107","taurinus.sui-inter.net","TCP","54","57174  >  443 [ACK] Seq=3606 Ack=77330 Win=262656 Len=0"
"158","2.105990","taurinus.sui-inter.net","192.168.1.107","TCP","1514","443  >  57174 [ACK] Seq=77330 Ack=3606 Win=37120 Len=1460 [TCP segment of a reassembled PDU]"
"159","2.105990","taurinus.sui-inter.net","192.168.1.107","TCP","1514","443  >  57174 [ACK] Seq=78790 Ack=3606 Win=37120 Len=1460 [TCP segment of a reassembled PDU]"
"160","2.105990","taurinus.sui-inter.net","192.168.1.107","TCP","1514","443  >  57174 [ACK] Seq=80250 Ack=3606 Win=37120 Len=1460 [TCP segment of a reassembled PDU]"
"161","2.105990","taurinus.sui-inter.net","192.168.1.107","TCP","1514","443  >  57174 [ACK] Seq=81710 Ack=3606 Win=37120 Len=1460 [TCP segment of a reassembled PDU]"
"162","2.105990","taurinus.sui-inter.net","192.168.1.107","TCP","1514","443  >  57174 [ACK] Seq=83170 Ack=3606 Win=37120 Len=1460 [TCP segment of a reassembled PDU]"
"163","2.106087","192.168.1.107","taurinus.sui-inter.net","TCP","54","57174  >  443 [ACK] Seq=3606 Ack=84630 Win=262656 Len=0"
"164","2.107953","taurinus.sui-inter.net","192.168.1.107","TCP","1514","443  >  57174 [ACK] Seq=84630 Ack=3606 Win=37120 Len=1460 [TCP segment of a reassembled PDU]"
"165","2.107953","taurinus.sui-inter.net","192.168.1.107","TLSv1.3","1514","Application Data"
"166","2.108034","192.168.1.107","taurinus.sui-inter.net","TCP","54","57174  >  443 [ACK] Seq=3606 Ack=87550 Win=262656 Len=0"
"167","2.110365","192.168.1.107","taurinus.sui-inter.net","TLSv1.3","145","Application Data"
"168","2.110476","taurinus.sui-inter.net","192.168.1.107","TCP","1514","443  >  57174 [ACK] Seq=87550 Ack=3606 Win=37120 Len=1460 [TCP segment of a reassembled PDU]"
"169","2.110476","taurinus.sui-inter.net","192.168.1.107","TCP","1514","443  >  57174 [ACK] Seq=89010 Ack=3606 Win=37120 Len=1460 [TCP segment of a reassembled PDU]"
"170","2.110476","taurinus.sui-inter.net","192.168.1.107","TCP","1514","443  >  57174 [ACK] Seq=90470 Ack=3606 Win=37120 Len=1460 [TCP segment of a reassembled PDU]"
"171","2.110543","192.168.1.107","taurinus.sui-inter.net","TCP","54","57174  >  443 [ACK] Seq=3697 Ack=91930 Win=262656 Len=0"
"172","2.110680","192.168.1.107","taurinus.sui-inter.net","TLSv1.3","89","Application Data"
"173","2.110923","192.168.1.107","taurinus.sui-inter.net","TLSv1.3","253","Application Data"
"174","2.112718","192.168.1.107","taurinus.sui-inter.net","TLSv1.3","147","Application Data"
"175","2.112931","taurinus.sui-inter.net","192.168.1.107","TCP","1514","443  >  57174 [ACK] Seq=91930 Ack=3606 Win=37120 Len=1460 [TCP segment of a reassembled PDU]"
"176","2.112931","taurinus.sui-inter.net","192.168.1.107","TCP","1514","443  >  57174 [ACK] Seq=93390 Ack=3606 Win=37120 Len=1460 [TCP segment of a reassembled PDU]"
"177","2.112931","taurinus.sui-inter.net","192.168.1.107","TCP","1514","443  >  57174 [ACK] Seq=94850 Ack=3606 Win=37120 Len=1460 [TCP segment of a reassembled PDU]"
"178","2.112931","taurinus.sui-inter.net","192.168.1.107","TCP","1514","443  >  57174 [ACK] Seq=96310 Ack=3606 Win=37120 Len=1460 [TCP segment of a reassembled PDU]"
"179","2.112931","taurinus.sui-inter.net","192.168.1.107","TCP","1514","443  >  57174 [ACK] Seq=97770 Ack=3606 Win=37120 Len=1460 [TCP segment of a reassembled PDU]"
"180","2.112931","taurinus.sui-inter.net","192.168.1.107","TCP","1514","443  >  57174 [ACK] Seq=99230 Ack=3606 Win=37120 Len=1460 [TCP segment of a reassembled PDU]"
"181","2.112931","taurinus.sui-inter.net","192.168.1.107","TCP","1514","443  >  57174 [ACK] Seq=100690 Ack=3606 Win=37120 Len=1460 [TCP segment of a reassembled PDU]"
"182","2.112931","taurinus.sui-inter.net","192.168.1.107","TLSv1.3","1514","Application Data, Application Data"
"183","2.112931","taurinus.sui-inter.net","192.168.1.107","TCP","1514","443  >  57174 [ACK] Seq=103610 Ack=3606 Win=37120 Len=1460 [TCP segment of a reassembled PDU]"
"184","2.113091","192.168.1.107","taurinus.sui-inter.net","TCP","54","57174  >  443 [ACK] Seq=4024 Ack=105070 Win=262656 Len=0"
"185","2.113191","192.168.1.107","taurinus.sui-inter.net","TLSv1.3","189","Application Data"
"186","2.113222","taurinus.sui-inter.net","192.168.1.107","TCP","1514","443  >  57174 [ACK] Seq=105070 Ack=3606 Win=37120 Len=1460 [TCP segment of a reassembled PDU]"
"187","2.113272","192.168.1.107","taurinus.sui-inter.net","TCP","54","57174  >  443 [ACK] Seq=4159 Ack=106530 Win=262656 Len=0"
"188","2.115466","taurinus.sui-inter.net","192.168.1.107","TCP","60","443  >  57174 [ACK] Seq=106530 Ack=3931 Win=38528 Len=0"
"189","2.120148","taurinus.sui-inter.net","192.168.1.107","TCP","1514","443  >  57174 [ACK] Seq=106530 Ack=4024 Win=38528 Len=1460 [TCP segment of a reassembled PDU]"
"190","2.120148","taurinus.sui-inter.net","192.168.1.107","TCP","1514","443  >  57174 [ACK] Seq=107990 Ack=4024 Win=38528 Len=1460 [TCP segment of a reassembled PDU]"
"191","2.120148","taurinus.sui-inter.net","192.168.1.107","TCP","1514","443  >  57174 [ACK] Seq=109450 Ack=4024 Win=38528 Len=1460 [TCP segment of a reassembled PDU]"
"192","2.120148","taurinus.sui-inter.net","192.168.1.107","TCP","1514","443  >  57174 [ACK] Seq=110910 Ack=4024 Win=38528 Len=1460 [TCP segment of a reassembled PDU]"
"193","2.120148","taurinus.sui-inter.net","192.168.1.107","TCP","1514","443  >  57174 [ACK] Seq=112370 Ack=4024 Win=38528 Len=1460 [TCP segment of a reassembled PDU]"
"194","2.120148","taurinus.sui-inter.net","192.168.1.107","TCP","1514","443  >  57174 [ACK] Seq=113830 Ack=4024 Win=38528 Len=1460 [TCP segment of a reassembled PDU]"
"195","2.120148","taurinus.sui-inter.net","192.168.1.107","TCP","1514","443  >  57174 [ACK] Seq=115290 Ack=4024 Win=38528 Len=1460 [TCP segment of a reassembled PDU]"
"196","2.120148","taurinus.sui-inter.net","192.168.1.107","TCP","1514","443  >  57174 [ACK] Seq=116750 Ack=4024 Win=38528 Len=1460 [TCP segment of a reassembled PDU]"
"197","2.120148","taurinus.sui-inter.net","192.168.1.107","TLSv1.3","1514","Application Data"
"198","2.120148","taurinus.sui-inter.net","192.168.1.107","TCP","1514","443  >  57174 [ACK] Seq=119670 Ack=4024 Win=38528 Len=1460 [TCP segment of a reassembled PDU]"
"199","2.120148","taurinus.sui-inter.net","192.168.1.107","TCP","1514","443  >  57174 [ACK] Seq=121130 Ack=4024 Win=38528 Len=1460 [TCP segment of a reassembled PDU]"
"200","2.120148","taurinus.sui-inter.net","192.168.1.107","TCP","1514","443  >  57174 [ACK] Seq=122590 Ack=4024 Win=38528 Len=1460 [TCP segment of a reassembled PDU]"
"201","2.120308","192.168.1.107","taurinus.sui-inter.net","TCP","54","57174  >  443 [ACK] Seq=4159 Ack=124050 Win=262656 Len=0"
"202","2.125651","taurinus.sui-inter.net","192.168.1.107","TCP","1514","443  >  57174 [ACK] Seq=124050 Ack=4159 Win=39808 Len=1460 [TCP segment of a reassembled PDU]"
"203","2.125651","taurinus.sui-inter.net","192.168.1.107","TCP","1514","443  >  57174 [ACK] Seq=125510 Ack=4159 Win=39808 Len=1460 [TCP segment of a reassembled PDU]"
"204","2.125651","taurinus.sui-inter.net","192.168.1.107","TCP","1514","443  >  57174 [ACK] Seq=126970 Ack=4159 Win=39808 Len=1460 [TCP segment of a reassembled PDU]"
"205","2.125792","192.168.1.107","taurinus.sui-inter.net","TCP","54","57174  >  443 [ACK] Seq=4159 Ack=128430 Win=262656 Len=0"
"206","2.126179","taurinus.sui-inter.net","192.168.1.107","TCP","1514","443  >  57174 [ACK] Seq=128430 Ack=4159 Win=39808 Len=1460 [TCP segment of a reassembled PDU]"
"207","2.126179","taurinus.sui-inter.net","192.168.1.107","TCP","1514","443  >  57174 [ACK] Seq=129890 Ack=4159 Win=39808 Len=1460 [TCP segment of a reassembled PDU]"
"208","2.126179","taurinus.sui-inter.net","192.168.1.107","TCP","1514","443  >  57174 [ACK] Seq=131350 Ack=4159 Win=39808 Len=1460 [TCP segment of a reassembled PDU]"
"209","2.126179","taurinus.sui-inter.net","192.168.1.107","TCP","1514","443  >  57174 [ACK] Seq=132810 Ack=4159 Win=39808 Len=1460 [TCP segment of a reassembled PDU]"
"210","2.126179","taurinus.sui-inter.net","192.168.1.107","TCP","1514","443  >  57174 [ACK] Seq=134270 Ack=4159 Win=39808 Len=1460 [TCP segment of a reassembled PDU]"
"211","2.126179","taurinus.sui-inter.net","192.168.1.107","TLSv1.3","1514","Application Data, Application Data"
"212","2.126179","taurinus.sui-inter.net","192.168.1.107","TCP","1514","443  >  57174 [ACK] Seq=137190 Ack=4159 Win=39808 Len=1460 [TCP segment of a reassembled PDU]"
"213","2.126179","taurinus.sui-inter.net","192.168.1.107","TCP","1514","443  >  57174 [ACK] Seq=138650 Ack=4159 Win=39808 Len=1460 [TCP segment of a reassembled PDU]"
"214","2.126179","taurinus.sui-inter.net","192.168.1.107","TCP","1514","443  >  57174 [ACK] Seq=140110 Ack=4159 Win=39808 Len=1460 [TCP segment of a reassembled PDU]"
"215","2.126335","192.168.1.107","taurinus.sui-inter.net","TCP","54","57174  >  443 [ACK] Seq=4159 Ack=141570 Win=262656 Len=0"
"216","2.130324","taurinus.sui-inter.net","192.168.1.107","TCP","1514","443  >  57174 [ACK] Seq=141570 Ack=4159 Win=39808 Len=1460 [TCP segment of a reassembled PDU]"
"217","2.130324","taurinus.sui-inter.net","192.168.1.107","TCP","1514","443  >  57174 [ACK] Seq=143030 Ack=4159 Win=39808 Len=1460 [TCP segment of a reassembled PDU]"
"218","2.130324","taurinus.sui-inter.net","192.168.1.107","TCP","1514","443  >  57174 [ACK] Seq=144490 Ack=4159 Win=39808 Len=1460 [TCP segment of a reassembled PDU]"
"219","2.130324","taurinus.sui-inter.net","192.168.1.107","TCP","1514","443  >  57174 [ACK] Seq=145950 Ack=4159 Win=39808 Len=1460 [TCP segment of a reassembled PDU]"
"220","2.130479","192.168.1.107","taurinus.sui-inter.net","TCP","54","57174  >  443 [ACK] Seq=4159 Ack=147410 Win=262656 Len=0"
"221","2.133640","taurinus.sui-inter.net","192.168.1.107","TCP","1514","443  >  57174 [ACK] Seq=147410 Ack=4159 Win=39808 Len=1460 [TCP segment of a reassembled PDU]"
"222","2.133640","taurinus.sui-inter.net","192.168.1.107","TCP","1514","443  >  57174 [ACK] Seq=148870 Ack=4159 Win=39808 Len=1460 [TCP segment of a reassembled PDU]"
"223","2.133640","taurinus.sui-inter.net","192.168.1.107","TCP","1514","443  >  57174 [ACK] Seq=150330 Ack=4159 Win=39808 Len=1460 [TCP segment of a reassembled PDU]"
"224","2.133640","taurinus.sui-inter.net","192.168.1.107","TLSv1.3","1514","Application Data"
"225","2.133640","taurinus.sui-inter.net","192.168.1.107","TCP","1514","443  >  57174 [ACK] Seq=153250 Ack=4159 Win=39808 Len=1460 [TCP segment of a reassembled PDU]"
"226","2.133640","taurinus.sui-inter.net","192.168.1.107","TCP","1514","443  >  57174 [ACK] Seq=154710 Ack=4159 Win=39808 Len=1460 [TCP segment of a reassembled PDU]"
"227","2.133640","taurinus.sui-inter.net","192.168.1.107","TCP","1514","443  >  57174 [ACK] Seq=156170 Ack=4159 Win=39808 Len=1460 [TCP segment of a reassembled PDU]"
"228","2.133640","taurinus.sui-inter.net","192.168.1.107","TCP","1514","443  >  57174 [ACK] Seq=157630 Ack=4159 Win=39808 Len=1460 [TCP segment of a reassembled PDU]"
"229","2.133812","192.168.1.107","taurinus.sui-inter.net","TCP","54","57174  >  443 [ACK] Seq=4159 Ack=159090 Win=262656 Len=0"
"230","2.139884","taurinus.sui-inter.net","192.168.1.107","TCP","1514","443  >  57174 [ACK] Seq=159090 Ack=4159 Win=39808 Len=1460 [TCP segment of a reassembled PDU]"
"231","2.139884","taurinus.sui-inter.net","192.168.1.107","TCP","1514","443  >  57174 [ACK] Seq=160550 Ack=4159 Win=39808 Len=1460 [TCP segment of a reassembled PDU]"
"232","2.139884","taurinus.sui-inter.net","192.168.1.107","TCP","1514","443  >  57174 [ACK] Seq=162010 Ack=4159 Win=39808 Len=1460 [TCP segment of a reassembled PDU]"
"233","2.139884","taurinus.sui-inter.net","192.168.1.107","TCP","1514","443  >  57174 [ACK] Seq=163470 Ack=4159 Win=39808 Len=1460 [TCP segment of a reassembled PDU]"
"234","2.139884","taurinus.sui-inter.net","192.168.1.107","TCP","1514","443  >  57174 [ACK] Seq=164930 Ack=4159 Win=39808 Len=1460 [TCP segment of a reassembled PDU]"
"235","2.139884","taurinus.sui-inter.net","192.168.1.107","TCP","1514","443  >  57174 [ACK] Seq=166390 Ack=4159 Win=39808 Len=1460 [TCP segment of a reassembled PDU]"
"236","2.139884","taurinus.sui-inter.net","192.168.1.107","TLSv1.3","1514","Application Data"
"237","2.139884","taurinus.sui-inter.net","192.168.1.107","TCP","1514","443  >  57174 [ACK] Seq=169310 Ack=4159 Win=39808 Len=1460 [TCP segment of a reassembled PDU]"
"238","2.139884","taurinus.sui-inter.net","192.168.1.107","TCP","1514","443  >  57174 [ACK] Seq=170770 Ack=4159 Win=39808 Len=1460 [TCP segment of a reassembled PDU]"
"239","2.139884","taurinus.sui-inter.net","192.168.1.107","TCP","1514","443  >  57174 [ACK] Seq=172230 Ack=4159 Win=39808 Len=1460 [TCP segment of a reassembled PDU]"
"240","2.140042","192.168.1.107","taurinus.sui-inter.net","TCP","54","57174  >  443 [ACK] Seq=4159 Ack=173690 Win=262656 Len=0"
"241","2.145475","taurinus.sui-inter.net","192.168.1.107","TCP","1514","443  >  57174 [ACK] Seq=173690 Ack=4159 Win=39808 Len=1460 [TCP segment of a reassembled PDU]"
"242","2.145475","taurinus.sui-inter.net","192.168.1.107","TCP","1514","443  >  57174 [ACK] Seq=175150 Ack=4159 Win=39808 Len=1460 [TCP segment of a reassembled PDU]"
"243","2.145475","taurinus.sui-inter.net","192.168.1.107","TCP","1514","443  >  57174 [ACK] Seq=176610 Ack=4159 Win=39808 Len=1460 [TCP segment of a reassembled PDU]"
"244","2.145475","taurinus.sui-inter.net","192.168.1.107","TCP","1514","443  >  57174 [ACK] Seq=178070 Ack=4159 Win=39808 Len=1460 [TCP segment of a reassembled PDU]"
"245","2.145475","taurinus.sui-inter.net","192.168.1.107","TCP","1514","443  >  57174 [ACK] Seq=179530 Ack=4159 Win=39808 Len=1460 [TCP segment of a reassembled PDU]"
"246","2.145475","taurinus.sui-inter.net","192.168.1.107","TCP","1514","443  >  57174 [ACK] Seq=180990 Ack=4159 Win=39808 Len=1460 [TCP segment of a reassembled PDU]"
"247","2.145475","taurinus.sui-inter.net","192.168.1.107","TCP","1514","443  >  57174 [ACK] Seq=182450 Ack=4159 Win=39808 Len=1460 [TCP segment of a reassembled PDU]"
"248","2.145475","taurinus.sui-inter.net","192.168.1.107","TLSv1.3","1514","Application Data"
"249","2.145723","192.168.1.107","taurinus.sui-inter.net","TCP","54","57174  >  443 [ACK] Seq=4159 Ack=185370 Win=262656 Len=0"
"250","2.146807","taurinus.sui-inter.net","192.168.1.107","TCP","1514","443  >  57174 [ACK] Seq=185370 Ack=4159 Win=39808 Len=1460 [TCP segment of a reassembled PDU]"
"251","2.146807","taurinus.sui-inter.net","192.168.1.107","TCP","1514","443  >  57174 [ACK] Seq=186830 Ack=4159 Win=39808 Len=1460 [TCP segment of a reassembled PDU]"
"252","2.146807","taurinus.sui-inter.net","192.168.1.107","TCP","1514","443  >  57174 [ACK] Seq=188290 Ack=4159 Win=39808 Len=1460 [TCP segment of a reassembled PDU]"
"253","2.146807","taurinus.sui-inter.net","192.168.1.107","TCP","1514","443  >  57174 [ACK] Seq=189750 Ack=4159 Win=39808 Len=1460 [TCP segment of a reassembled PDU]"
"254","2.146807","taurinus.sui-inter.net","192.168.1.107","TCP","1514","443  >  57174 [ACK] Seq=191210 Ack=4159 Win=39808 Len=1460 [TCP segment of a reassembled PDU]"
"255","2.146924","192.168.1.107","taurinus.sui-inter.net","TCP","54","57174  >  443 [ACK] Seq=4159 Ack=192670 Win=262656 Len=0"
"256","2.148651","192.168.1.107","taurinus.sui-inter.net","TLSv1.3","89","Application Data"
"257","2.151102","taurinus.sui-inter.net","192.168.1.107","TCP","1514","443  >  57174 [ACK] Seq=192670 Ack=4159 Win=39808 Len=1460 [TCP segment of a reassembled PDU]"
"258","2.151102","taurinus.sui-inter.net","192.168.1.107","TCP","1514","443  >  57174 [ACK] Seq=194130 Ack=4159 Win=39808 Len=1460 [TCP segment of a reassembled PDU]"
"259","2.151102","taurinus.sui-inter.net","192.168.1.107","TCP","1514","443  >  57174 [ACK] Seq=195590 Ack=4159 Win=39808 Len=1460 [TCP segment of a reassembled PDU]"
"260","2.151102","taurinus.sui-inter.net","192.168.1.107","TCP","1514","443  >  57174 [ACK] Seq=197050 Ack=4159 Win=39808 Len=1460 [TCP segment of a reassembled PDU]"
"261","2.151102","taurinus.sui-inter.net","192.168.1.107","TCP","1514","443  >  57174 [ACK] Seq=198510 Ack=4159 Win=39808 Len=1460 [TCP segment of a reassembled PDU]"
"262","2.151102","taurinus.sui-inter.net","192.168.1.107","TCP","1514","443  >  57174 [ACK] Seq=199970 Ack=4159 Win=39808 Len=1460 [TCP segment of a reassembled PDU]"
"263","2.151102","taurinus.sui-inter.net","192.168.1.107","TLSv1.3","1514","Application Data, Application Data"
"264","2.151102","taurinus.sui-inter.net","192.168.1.107","TCP","1514","443  >  57174 [ACK] Seq=202890 Ack=4159 Win=39808 Len=1460 [TCP segment of a reassembled PDU]"
"265","2.151243","192.168.1.107","taurinus.sui-inter.net","TCP","54","57174  >  443 [ACK] Seq=4194 Ack=204350 Win=262656 Len=0"
"266","2.151688","192.168.1.107","taurinus.sui-inter.net","TLSv1.3","89","Application Data"
"267","2.151881","192.168.1.107","taurinus.sui-inter.net","TLSv1.3","89","Application Data"
"268","2.151941","192.168.1.107","taurinus.sui-inter.net","TLSv1.3","89","Application Data"
"269","2.152637","taurinus.sui-inter.net","192.168.1.107","TCP","1514","443  >  57174 [ACK] Seq=204350 Ack=4159 Win=39808 Len=1460 [TCP segment of a reassembled PDU]"
"270","2.152637","taurinus.sui-inter.net","192.168.1.107","TCP","1514","443  >  57174 [ACK] Seq=205810 Ack=4159 Win=39808 Len=1460 [TCP segment of a reassembled PDU]"
"271","2.152637","taurinus.sui-inter.net","192.168.1.107","TCP","1514","443  >  57174 [ACK] Seq=207270 Ack=4159 Win=39808 Len=1460 [TCP segment of a reassembled PDU]"
"272","2.152704","192.168.1.107","taurinus.sui-inter.net","TCP","54","57174  >  443 [ACK] Seq=4299 Ack=208730 Win=262656 Len=0"
"273","2.153174","taurinus.sui-inter.net","192.168.1.107","TCP","1514","443  >  57174 [ACK] Seq=208730 Ack=4159 Win=39808 Len=1460 [TCP segment of a reassembled PDU]"
"274","2.153223","192.168.1.107","taurinus.sui-inter.net","TCP","54","57174  >  443 [ACK] Seq=4299 Ack=210190 Win=262656 Len=0"
"275","2.157437","taurinus.sui-inter.net","192.168.1.107","TCP","1514","443  >  57174 [ACK] Seq=210190 Ack=4194 Win=39808 Len=1460 [TCP segment of a reassembled PDU]"
"276","2.157437","taurinus.sui-inter.net","192.168.1.107","TCP","1514","443  >  57174 [ACK] Seq=211650 Ack=4194 Win=39808 Len=1460 [TCP segment of a reassembled PDU]"
"277","2.157437","taurinus.sui-inter.net","192.168.1.107","TCP","1514","443  >  57174 [ACK] Seq=213110 Ack=4194 Win=39808 Len=1460 [TCP segment of a reassembled PDU]"
"278","2.157437","taurinus.sui-inter.net","192.168.1.107","TCP","1514","443  >  57174 [ACK] Seq=214570 Ack=4194 Win=39808 Len=1460 [TCP segment of a reassembled PDU]"
"279","2.157437","taurinus.sui-inter.net","192.168.1.107","TCP","1514","443  >  57174 [ACK] Seq=216030 Ack=4194 Win=39808 Len=1460 [TCP segment of a reassembled PDU]"
"280","2.157437","taurinus.sui-inter.net","192.168.1.107","TLSv1.3","1514","Application Data"
"281","2.157437","taurinus.sui-inter.net","192.168.1.107","TCP","1514","443  >  57174 [ACK] Seq=218950 Ack=4194 Win=39808 Len=1460 [TCP segment of a reassembled PDU]"
"282","2.157437","taurinus.sui-inter.net","192.168.1.107","TCP","1514","443  >  57174 [ACK] Seq=220410 Ack=4194 Win=39808 Len=1460 [TCP segment of a reassembled PDU]"
"283","2.157437","taurinus.sui-inter.net","192.168.1.107","TCP","1514","443  >  57174 [ACK] Seq=221870 Ack=4299 Win=39808 Len=1460 [TCP segment of a reassembled PDU]"
"284","2.157604","192.168.1.107","taurinus.sui-inter.net","TCP","54","57174  >  443 [ACK] Seq=4299 Ack=223330 Win=262656 Len=0"
"285","2.158367","taurinus.sui-inter.net","192.168.1.107","TCP","1514","443  >  57174 [ACK] Seq=223330 Ack=4299 Win=39808 Len=1460 [TCP segment of a reassembled PDU]"
"286","2.158367","taurinus.sui-inter.net","192.168.1.107","TCP","1514","443  >  57174 [ACK] Seq=224790 Ack=4299 Win=39808 Len=1460 [TCP segment of a reassembled PDU]"
"287","2.158367","taurinus.sui-inter.net","192.168.1.107","TCP","1514","443  >  57174 [ACK] Seq=226250 Ack=4299 Win=39808 Len=1460 [TCP segment of a reassembled PDU]"
"288","2.158445","192.168.1.107","taurinus.sui-inter.net","TCP","54","57174  >  443 [ACK] Seq=4299 Ack=227710 Win=262656 Len=0"
"289","2.163121","taurinus.sui-inter.net","192.168.1.107","TCP","1514","443  >  57174 [ACK] Seq=227710 Ack=4299 Win=39808 Len=1460 [TCP segment of a reassembled PDU]"
"290","2.163121","taurinus.sui-inter.net","192.168.1.107","TCP","1514","443  >  57174 [ACK] Seq=229170 Ack=4299 Win=39808 Len=1460 [TCP segment of a reassembled PDU]"
"291","2.163121","taurinus.sui-inter.net","192.168.1.107","TCP","1514","443  >  57174 [ACK] Seq=230630 Ack=4299 Win=39808 Len=1460 [TCP segment of a reassembled PDU]"
"292","2.163121","taurinus.sui-inter.net","192.168.1.107","TCP","1514","443  >  57174 [ACK] Seq=232090 Ack=4299 Win=39808 Len=1460 [TCP segment of a reassembled PDU]"
"293","2.163121","taurinus.sui-inter.net","192.168.1.107","TLSv1.3","1514","Application Data"
"294","2.163121","taurinus.sui-inter.net","192.168.1.107","TCP","1514","443  >  57174 [ACK] Seq=235010 Ack=4299 Win=39808 Len=1460 [TCP segment of a reassembled PDU]"
"295","2.163121","taurinus.sui-inter.net","192.168.1.107","TCP","1514","443  >  57174 [ACK] Seq=236470 Ack=4299 Win=39808 Len=1460 [TCP segment of a reassembled PDU]"
"296","2.163121","taurinus.sui-inter.net","192.168.1.107","TCP","1514","443  >  57174 [ACK] Seq=237930 Ack=4299 Win=39808 Len=1460 [TCP segment of a reassembled PDU]"
"297","2.163234","192.168.1.107","taurinus.sui-inter.net","TCP","54","57174  >  443 [ACK] Seq=4299 Ack=239390 Win=262656 Len=0"
"298","2.164753","taurinus.sui-inter.net","192.168.1.107","TCP","1514","443  >  57174 [ACK] Seq=239390 Ack=4299 Win=39808 Len=1460 [TCP segment of a reassembled PDU]"
"299","2.164753","taurinus.sui-inter.net","192.168.1.107","TCP","1514","443  >  57174 [ACK] Seq=240850 Ack=4299 Win=39808 Len=1460 [TCP segment of a reassembled PDU]"
"300","2.164753","taurinus.sui-inter.net","192.168.1.107","TCP","1514","443  >  57174 [ACK] Seq=242310 Ack=4299 Win=39808 Len=1460 [TCP segment of a reassembled PDU]"
"301","2.164753","taurinus.sui-inter.net","192.168.1.107","TCP","1514","443  >  57174 [ACK] Seq=243770 Ack=4299 Win=39808 Len=1460 [TCP segment of a reassembled PDU]"
"302","2.164841","192.168.1.107","taurinus.sui-inter.net","TCP","54","57174  >  443 [ACK] Seq=4299 Ack=245230 Win=262656 Len=0"
"303","2.169180","taurinus.sui-inter.net","192.168.1.107","TCP","1514","443  >  57174 [ACK] Seq=245230 Ack=4299 Win=39808 Len=1460 [TCP segment of a reassembled PDU]"
"304","2.169180","taurinus.sui-inter.net","192.168.1.107","TCP","1514","443  >  57174 [ACK] Seq=246690 Ack=4299 Win=39808 Len=1460 [TCP segment of a reassembled PDU]"
"305","2.169180","taurinus.sui-inter.net","192.168.1.107","TCP","1514","443  >  57174 [ACK] Seq=248150 Ack=4299 Win=39808 Len=1460 [TCP segment of a reassembled PDU]"
"306","2.169180","taurinus.sui-inter.net","192.168.1.107","TCP","1514","443  >  57174 [ACK] Seq=249610 Ack=4299 Win=39808 Len=1460 [TCP segment of a reassembled PDU]"
"307","2.169180","taurinus.sui-inter.net","192.168.1.107","TLSv1.3","1514","Application Data"
"308","2.169290","192.168.1.107","taurinus.sui-inter.net","TCP","54","57174  >  443 [ACK] Seq=4299 Ack=252530 Win=262656 Len=0"
"309","2.169442","taurinus.sui-inter.net","192.168.1.107","TCP","1514","443  >  57174 [ACK] Seq=252530 Ack=4299 Win=39808 Len=1460 [TCP segment of a reassembled PDU]"
"310","2.169442","taurinus.sui-inter.net","192.168.1.107","TCP","1514","443  >  57174 [ACK] Seq=253990 Ack=4299 Win=39808 Len=1460 [TCP segment of a reassembled PDU]"
"311","2.169442","taurinus.sui-inter.net","192.168.1.107","TCP","1514","443  >  57174 [ACK] Seq=255450 Ack=4299 Win=39808 Len=1460 [TCP segment of a reassembled PDU]"
"312","2.169442","taurinus.sui-inter.net","192.168.1.107","TCP","1514","443  >  57174 [ACK] Seq=256910 Ack=4299 Win=39808 Len=1460 [TCP segment of a reassembled PDU]"
"313","2.169442","taurinus.sui-inter.net","192.168.1.107","TCP","1514","443  >  57174 [ACK] Seq=258370 Ack=4299 Win=39808 Len=1460 [TCP segment of a reassembled PDU]"
"314","2.169442","taurinus.sui-inter.net","192.168.1.107","TCP","1514","443  >  57174 [ACK] Seq=259830 Ack=4299 Win=39808 Len=1460 [TCP segment of a reassembled PDU]"
"315","2.169442","taurinus.sui-inter.net","192.168.1.107","TCP","1514","443  >  57174 [ACK] Seq=261290 Ack=4299 Win=39808 Len=1460 [TCP segment of a reassembled PDU]"
"316","2.169442","taurinus.sui-inter.net","192.168.1.107","TCP","1514","443  >  57174 [ACK] Seq=262750 Ack=4299 Win=39808 Len=1460 [TCP segment of a reassembled PDU]"
"317","2.169573","192.168.1.107","taurinus.sui-inter.net","TCP","54","57174  >  443 [ACK] Seq=4299 Ack=264210 Win=262656 Len=0"
"318","2.174226","taurinus.sui-inter.net","192.168.1.107","TCP","1514","443  >  57174 [ACK] Seq=264210 Ack=4299 Win=39808 Len=1460 [TCP segment of a reassembled PDU]"
"319","2.174226","taurinus.sui-inter.net","192.168.1.107","TCP","1514","443  >  57174 [ACK] Seq=265670 Ack=4299 Win=39808 Len=1460 [TCP segment of a reassembled PDU]"
"320","2.174226","taurinus.sui-inter.net","192.168.1.107","TLSv1.3","1514","Application Data"
"321","2.174226","taurinus.sui-inter.net","192.168.1.107","TCP","1514","443  >  57174 [ACK] Seq=268590 Ack=4299 Win=39808 Len=1460 [TCP segment of a reassembled PDU]"
"322","2.174226","taurinus.sui-inter.net","192.168.1.107","TCP","1514","443  >  57174 [ACK] Seq=270050 Ack=4299 Win=39808 Len=1460 [TCP segment of a reassembled PDU]"
"323","2.174333","192.168.1.107","taurinus.sui-inter.net","TCP","54","57174  >  443 [ACK] Seq=4299 Ack=271510 Win=262656 Len=0"
"324","2.175175","taurinus.sui-inter.net","192.168.1.107","TCP","1514","443  >  57174 [ACK] Seq=271510 Ack=4299 Win=39808 Len=1460 [TCP segment of a reassembled PDU]"
"325","2.175175","taurinus.sui-inter.net","192.168.1.107","TCP","1514","443  >  57174 [ACK] Seq=272970 Ack=4299 Win=39808 Len=1460 [TCP segment of a reassembled PDU]"
"326","2.175175","taurinus.sui-inter.net","192.168.1.107","TCP","1514","443  >  57174 [ACK] Seq=274430 Ack=4299 Win=39808 Len=1460 [TCP segment of a reassembled PDU]"
"327","2.175175","taurinus.sui-inter.net","192.168.1.107","TCP","1514","443  >  57174 [ACK] Seq=275890 Ack=4299 Win=39808 Len=1460 [TCP segment of a reassembled PDU]"
"328","2.175175","taurinus.sui-inter.net","192.168.1.107","TCP","1514","443  >  57174 [ACK] Seq=277350 Ack=4299 Win=39808 Len=1460 [TCP segment of a reassembled PDU]"
"329","2.175175","taurinus.sui-inter.net","192.168.1.107","TCP","1514","443  >  57174 [ACK] Seq=278810 Ack=4299 Win=39808 Len=1460 [TCP segment of a reassembled PDU]"
"330","2.175175","taurinus.sui-inter.net","192.168.1.107","TCP","1514","443  >  57174 [ACK] Seq=280270 Ack=4299 Win=39808 Len=1460 [TCP segment of a reassembled PDU]"
"331","2.175175","taurinus.sui-inter.net","192.168.1.107","TCP","1514","443  >  57174 [ACK] Seq=281730 Ack=4299 Win=39808 Len=1460 [TCP segment of a reassembled PDU]"
"332","2.175175","taurinus.sui-inter.net","192.168.1.107","TLSv1.3","1514","Application Data"
"333","2.175278","192.168.1.107","taurinus.sui-inter.net","TCP","54","57174  >  443 [ACK] Seq=4299 Ack=284650 Win=262656 Len=0"
"334","2.176011","taurinus.sui-inter.net","192.168.1.107","TCP","1514","443  >  57174 [ACK] Seq=284650 Ack=4299 Win=39808 Len=1460 [TCP segment of a reassembled PDU]"
"335","2.176053","192.168.1.107","taurinus.sui-inter.net","TCP","54","57174  >  443 [ACK] Seq=4299 Ack=286110 Win=262656 Len=0"
"336","2.179068","taurinus.sui-inter.net","192.168.1.107","TCP","1514","443  >  57174 [ACK] Seq=286110 Ack=4299 Win=39808 Len=1460 [TCP segment of a reassembled PDU]"
"337","2.179068","taurinus.sui-inter.net","192.168.1.107","TCP","1514","443  >  57174 [ACK] Seq=287570 Ack=4299 Win=39808 Len=1460 [TCP segment of a reassembled PDU]"
"338","2.179068","taurinus.sui-inter.net","192.168.1.107","TCP","1514","443  >  57174 [ACK] Seq=289030 Ack=4299 Win=39808 Len=1460 [TCP segment of a reassembled PDU]"
"339","2.179068","taurinus.sui-inter.net","192.168.1.107","TCP","1514","443  >  57174 [ACK] Seq=290490 Ack=4299 Win=39808 Len=1460 [TCP segment of a reassembled PDU]"
"340","2.179068","taurinus.sui-inter.net","192.168.1.107","TCP","1514","443  >  57174 [ACK] Seq=291950 Ack=4299 Win=39808 Len=1460 [TCP segment of a reassembled PDU]"
"341","2.179119","192.168.1.107","taurinus.sui-inter.net","TCP","54","57174  >  443 [ACK] Seq=4299 Ack=293410 Win=262656 Len=0"
"342","2.183583","taurinus.sui-inter.net","192.168.1.107","TCP","1514","443  >  57174 [ACK] Seq=293410 Ack=4299 Win=39808 Len=1460 [TCP segment of a reassembled PDU]"
"343","2.183583","taurinus.sui-inter.net","192.168.1.107","TCP","1514","443  >  57174 [ACK] Seq=294870 Ack=4299 Win=39808 Len=1460 [TCP segment of a reassembled PDU]"
"344","2.183583","taurinus.sui-inter.net","192.168.1.107","TCP","1514","443  >  57174 [ACK] Seq=296330 Ack=4299 Win=39808 Len=1460 [TCP segment of a reassembled PDU]"
"345","2.183583","taurinus.sui-inter.net","192.168.1.107","TCP","1514","443  >  57174 [ACK] Seq=297790 Ack=4299 Win=39808 Len=1460 [TCP segment of a reassembled PDU]"
"346","2.183583","taurinus.sui-inter.net","192.168.1.107","TLSv1.3","1514","Application Data"
"347","2.183583","taurinus.sui-inter.net","192.168.1.107","TCP","1514","443  >  57174 [ACK] Seq=300710 Ack=4299 Win=39808 Len=1460 [TCP segment of a reassembled PDU]"
"348","2.183583","taurinus.sui-inter.net","192.168.1.107","TCP","1514","443  >  57174 [ACK] Seq=302170 Ack=4299 Win=39808 Len=1460 [TCP segment of a reassembled PDU]"
"349","2.183583","taurinus.sui-inter.net","192.168.1.107","TCP","1514","443  >  57174 [ACK] Seq=303630 Ack=4299 Win=39808 Len=1460 [TCP segment of a reassembled PDU]"
"350","2.183583","taurinus.sui-inter.net","192.168.1.107","TCP","1514","443  >  57174 [ACK] Seq=305090 Ack=4299 Win=39808 Len=1460 [TCP segment of a reassembled PDU]"
"351","2.183583","taurinus.sui-inter.net","192.168.1.107","TCP","1514","443  >  57174 [ACK] Seq=306550 Ack=4299 Win=39808 Len=1460 [TCP segment of a reassembled PDU]"
"352","2.183735","192.168.1.107","taurinus.sui-inter.net","TCP","54","57174  >  443 [ACK] Seq=4299 Ack=308010 Win=262656 Len=0"
"353","2.183956","taurinus.sui-inter.net","192.168.1.107","TCP","1514","443  >  57174 [ACK] Seq=308010 Ack=4299 Win=39808 Len=1460 [TCP segment of a reassembled PDU]"
"354","2.183956","taurinus.sui-inter.net","192.168.1.107","TCP","1514","443  >  57174 [ACK] Seq=309470 Ack=4299 Win=39808 Len=1460 [TCP segment of a reassembled PDU]"
"355","2.183956","taurinus.sui-inter.net","192.168.1.107","TCP","1514","443  >  57174 [ACK] Seq=310930 Ack=4299 Win=39808 Len=1460 [TCP segment of a reassembled PDU]"
"356","2.183956","taurinus.sui-inter.net","192.168.1.107","TCP","1514","443  >  57174 [ACK] Seq=312390 Ack=4299 Win=39808 Len=1460 [TCP segment of a reassembled PDU]"
"357","2.183956","taurinus.sui-inter.net","192.168.1.107","TCP","1514","443  >  57174 [ACK] Seq=313850 Ack=4299 Win=39808 Len=1460 [TCP segment of a reassembled PDU]"
"358","2.184000","192.168.1.107","taurinus.sui-inter.net","TCP","54","57174  >  443 [ACK] Seq=4299 Ack=315310 Win=262656 Len=0"
"359","2.187988","taurinus.sui-inter.net","192.168.1.107","TCP","1514","443  >  57174 [ACK] Seq=315310 Ack=4299 Win=39808 Len=1460 [TCP segment of a reassembled PDU]"
"360","2.189113","taurinus.sui-inter.net","192.168.1.107","TLSv1.3","1514","Application Data"
"361","2.189113","taurinus.sui-inter.net","192.168.1.107","TCP","1514","443  >  57174 [ACK] Seq=318230 Ack=4299 Win=39808 Len=1460 [TCP segment of a reassembled PDU]"
"362","2.189113","taurinus.sui-inter.net","192.168.1.107","TCP","1514","443  >  57174 [PSH, ACK] Seq=319690 Ack=4299 Win=39808 Len=1460 [TCP segment of a reassembled PDU]"
"363","2.189113","taurinus.sui-inter.net","192.168.1.107","TCP","1514","443  >  57174 [ACK] Seq=321150 Ack=4299 Win=39808 Len=1460 [TCP segment of a reassembled PDU]"
"364","2.189113","taurinus.sui-inter.net","192.168.1.107","TCP","1514","443  >  57174 [ACK] Seq=322610 Ack=4299 Win=39808 Len=1460 [TCP segment of a reassembled PDU]"
"365","2.189113","taurinus.sui-inter.net","192.168.1.107","TCP","1514","443  >  57174 [ACK] Seq=324070 Ack=4299 Win=39808 Len=1460 [TCP segment of a reassembled PDU]"
"366","2.189113","taurinus.sui-inter.net","192.168.1.107","TCP","1514","443  >  57174 [ACK] Seq=325530 Ack=4299 Win=39808 Len=1460 [TCP segment of a reassembled PDU]"
"367","2.189113","taurinus.sui-inter.net","192.168.1.107","TCP","1514","443  >  57174 [ACK] Seq=326990 Ack=4299 Win=39808 Len=1460 [TCP segment of a reassembled PDU]"
"368","2.189113","taurinus.sui-inter.net","192.168.1.107","TCP","1514","443  >  57174 [ACK] Seq=328450 Ack=4299 Win=39808 Len=1460 [TCP segment of a reassembled PDU]"
"369","2.189113","taurinus.sui-inter.net","192.168.1.107","TCP","1514","443  >  57174 [ACK] Seq=329910 Ack=4299 Win=39808 Len=1460 [TCP segment of a reassembled PDU]"
"370","2.189175","192.168.1.107","taurinus.sui-inter.net","TCP","54","57174  >  443 [ACK] Seq=4299 Ack=331370 Win=262656 Len=0"
"371","2.189998","taurinus.sui-inter.net","192.168.1.107","TCP","1514","443  >  57174 [ACK] Seq=331370 Ack=4299 Win=39808 Len=1460 [TCP segment of a reassembled PDU]"
"372","2.189998","taurinus.sui-inter.net","192.168.1.107","TLSv1.3","1514","Application Data"
"373","2.189998","taurinus.sui-inter.net","192.168.1.107","TCP","1514","443  >  57174 [ACK] Seq=334290 Ack=4299 Win=39808 Len=1460 [TCP segment of a reassembled PDU]"
"374","2.190058","192.168.1.107","taurinus.sui-inter.net","TCP","54","57174  >  443 [ACK] Seq=4299 Ack=335750 Win=262656 Len=0"
"375","2.194738","taurinus.sui-inter.net","192.168.1.107","TCP","1514","443  >  57174 [ACK] Seq=335750 Ack=4299 Win=39808 Len=1460 [TCP segment of a reassembled PDU]"
"376","2.194738","taurinus.sui-inter.net","192.168.1.107","TCP","1514","443  >  57174 [ACK] Seq=337210 Ack=4299 Win=39808 Len=1460 [TCP segment of a reassembled PDU]"
"377","2.194738","taurinus.sui-inter.net","192.168.1.107","TCP","1514","443  >  57174 [ACK] Seq=338670 Ack=4299 Win=39808 Len=1460 [TCP segment of a reassembled PDU]"
"378","2.194826","192.168.1.107","taurinus.sui-inter.net","TCP","54","57174  >  443 [ACK] Seq=4299 Ack=340130 Win=262656 Len=0"
"379","2.195065","taurinus.sui-inter.net","192.168.1.107","TCP","1514","443  >  57174 [ACK] Seq=340130 Ack=4299 Win=39808 Len=1460 [TCP segment of a reassembled PDU]"
"380","2.195065","taurinus.sui-inter.net","192.168.1.107","TCP","1514","443  >  57174 [ACK] Seq=341590 Ack=4299 Win=39808 Len=1460 [TCP segment of a reassembled PDU]"
"381","2.195065","taurinus.sui-inter.net","192.168.1.107","TCP","1514","443  >  57174 [ACK] Seq=343050 Ack=4299 Win=39808 Len=1460 [TCP segment of a reassembled PDU]"
"382","2.195065","taurinus.sui-inter.net","192.168.1.107","TCP","1514","443  >  57174 [ACK] Seq=344510 Ack=4299 Win=39808 Len=1460 [TCP segment of a reassembled PDU]"
"383","2.195065","taurinus.sui-inter.net","192.168.1.107","TCP","1514","443  >  57174 [ACK] Seq=345970 Ack=4299 Win=39808 Len=1460 [TCP segment of a reassembled PDU]"
"384","2.195065","taurinus.sui-inter.net","192.168.1.107","TCP","1514","443  >  57174 [ACK] Seq=347430 Ack=4299 Win=39808 Len=1460 [TCP segment of a reassembled PDU]"
"385","2.195065","taurinus.sui-inter.net","192.168.1.107","TLSv1.3","1514","Application Data"
"386","2.195065","taurinus.sui-inter.net","192.168.1.107","TCP","1514","443  >  57174 [ACK] Seq=350350 Ack=4299 Win=39808 Len=1460 [TCP segment of a reassembled PDU]"
"387","2.195065","taurinus.sui-inter.net","192.168.1.107","TCP","1514","443  >  57174 [ACK] Seq=351810 Ack=4299 Win=39808 Len=1460 [TCP segment of a reassembled PDU]"
"388","2.195142","192.168.1.107","taurinus.sui-inter.net","TCP","54","57174  >  443 [ACK] Seq=4299 Ack=353270 Win=262656 Len=0"
"389","2.200454","taurinus.sui-inter.net","192.168.1.107","TCP","1514","443  >  57174 [ACK] Seq=353270 Ack=4299 Win=39808 Len=1460 [TCP segment of a reassembled PDU]"
"390","2.200454","taurinus.sui-inter.net","192.168.1.107","TCP","1514","443  >  57174 [ACK] Seq=354730 Ack=4299 Win=39808 Len=1460 [TCP segment of a reassembled PDU]"
"391","2.200454","taurinus.sui-inter.net","192.168.1.107","TCP","1514","443  >  57174 [ACK] Seq=356190 Ack=4299 Win=39808 Len=1460 [TCP segment of a reassembled PDU]"
"392","2.200454","taurinus.sui-inter.net","192.168.1.107","TCP","1514","443  >  57174 [ACK] Seq=357650 Ack=4299 Win=39808 Len=1460 [TCP segment of a reassembled PDU]"
"393","2.200454","taurinus.sui-inter.net","192.168.1.107","TCP","1514","443  >  57174 [ACK] Seq=359110 Ack=4299 Win=39808 Len=1460 [TCP segment of a reassembled PDU]"
"394","2.200454","taurinus.sui-inter.net","192.168.1.107","TCP","1514","443  >  57174 [ACK] Seq=360570 Ack=4299 Win=39808 Len=1460 [TCP segment of a reassembled PDU]"
"395","2.200454","taurinus.sui-inter.net","192.168.1.107","TCP","1514","443  >  57174 [ACK] Seq=362030 Ack=4299 Win=39808 Len=1460 [TCP segment of a reassembled PDU]"
"396","2.200454","taurinus.sui-inter.net","192.168.1.107","TCP","1514","443  >  57174 [ACK] Seq=363490 Ack=4299 Win=39808 Len=1460 [TCP segment of a reassembled PDU]"
"397","2.200454","taurinus.sui-inter.net","192.168.1.107","TLSv1.3","1514","Application Data"
"398","2.200454","taurinus.sui-inter.net","192.168.1.107","TCP","1514","443  >  57174 [ACK] Seq=366410 Ack=4299 Win=39808 Len=1460 [TCP segment of a reassembled PDU]"
"399","2.200454","taurinus.sui-inter.net","192.168.1.107","TCP","1514","443  >  57174 [ACK] Seq=367870 Ack=4299 Win=39808 Len=1460 [TCP segment of a reassembled PDU]"
"400","2.200666","192.168.1.107","taurinus.sui-inter.net","TCP","54","57174  >  443 [ACK] Seq=4299 Ack=369330 Win=262656 Len=0"
"401","2.208602","taurinus.sui-inter.net","192.168.1.107","TCP","1514","443  >  57174 [ACK] Seq=369330 Ack=4299 Win=39808 Len=1460 [TCP segment of a reassembled PDU]"
"402","2.208602","taurinus.sui-inter.net","192.168.1.107","TCP","1514","443  >  57174 [ACK] Seq=370790 Ack=4299 Win=39808 Len=1460 [TCP segment of a reassembled PDU]"
"403","2.208602","taurinus.sui-inter.net","192.168.1.107","TCP","1514","443  >  57174 [ACK] Seq=372250 Ack=4299 Win=39808 Len=1460 [TCP segment of a reassembled PDU]"
"404","2.208602","taurinus.sui-inter.net","192.168.1.107","TCP","1514","443  >  57174 [ACK] Seq=373710 Ack=4299 Win=39808 Len=1460 [TCP segment of a reassembled PDU]"
"405","2.208602","taurinus.sui-inter.net","192.168.1.107","TCP","1514","443  >  57174 [ACK] Seq=375170 Ack=4299 Win=39808 Len=1460 [TCP segment of a reassembled PDU]"
"406","2.208602","taurinus.sui-inter.net","192.168.1.107","TCP","1514","443  >  57174 [ACK] Seq=376630 Ack=4299 Win=39808 Len=1460 [TCP segment of a reassembled PDU]"
"407","2.208602","taurinus.sui-inter.net","192.168.1.107","TCP","1514","443  >  57174 [ACK] Seq=378090 Ack=4299 Win=39808 Len=1460 [TCP segment of a reassembled PDU]"
"408","2.208602","taurinus.sui-inter.net","192.168.1.107","TCP","1514","443  >  57174 [ACK] Seq=379550 Ack=4299 Win=39808 Len=1460 [TCP segment of a reassembled PDU]"
"409","2.208602","taurinus.sui-inter.net","192.168.1.107","TCP","1514","443  >  57174 [ACK] Seq=381010 Ack=4299 Win=39808 Len=1460 [TCP segment of a reassembled PDU]"
"410","2.208602","taurinus.sui-inter.net","192.168.1.107","TLSv1.3","1514","Application Data"
"411","2.208602","taurinus.sui-inter.net","192.168.1.107","TCP","1514","443  >  57174 [PSH, ACK] Seq=383930 Ack=4299 Win=39808 Len=1460 [TCP segment of a reassembled PDU]"
"412","2.208602","taurinus.sui-inter.net","192.168.1.107","TCP","1514","443  >  57174 [ACK] Seq=385390 Ack=4299 Win=39808 Len=1460 [TCP segment of a reassembled PDU]"
"413","2.208602","taurinus.sui-inter.net","192.168.1.107","TCP","1514","443  >  57174 [ACK] Seq=386850 Ack=4299 Win=39808 Len=1460 [TCP segment of a reassembled PDU]"
"414","2.208602","taurinus.sui-inter.net","192.168.1.107","TCP","1514","443  >  57174 [ACK] Seq=388310 Ack=4299 Win=39808 Len=1460 [TCP segment of a reassembled PDU]"
"415","2.208602","taurinus.sui-inter.net","192.168.1.107","TCP","1514","443  >  57174 [ACK] Seq=389770 Ack=4299 Win=39808 Len=1460 [TCP segment of a reassembled PDU]"
"416","2.208602","taurinus.sui-inter.net","192.168.1.107","TCP","1514","443  >  57174 [ACK] Seq=391230 Ack=4299 Win=39808 Len=1460 [TCP segment of a reassembled PDU]"
"417","2.208780","192.168.1.107","taurinus.sui-inter.net","TCP","54","57174  >  443 [ACK] Seq=4299 Ack=392690 Win=262656 Len=0"
"418","2.214195","taurinus.sui-inter.net","192.168.1.107","TCP","1514","443  >  57174 [ACK] Seq=392690 Ack=4299 Win=39808 Len=1460 [TCP segment of a reassembled PDU]"
"419","2.214195","taurinus.sui-inter.net","192.168.1.107","TCP","1514","443  >  57174 [ACK] Seq=394150 Ack=4299 Win=39808 Len=1460 [TCP segment of a reassembled PDU]"
"420","2.214195","taurinus.sui-inter.net","192.168.1.107","TCP","1514","443  >  57174 [ACK] Seq=395610 Ack=4299 Win=39808 Len=1460 [TCP segment of a reassembled PDU]"
"421","2.214195","taurinus.sui-inter.net","192.168.1.107","TLSv1.3","1514","Application Data"
"422","2.214195","taurinus.sui-inter.net","192.168.1.107","TLSv1.3","1514","Application Data"
"423","2.214195","taurinus.sui-inter.net","192.168.1.107","TCP","1514","443  >  57174 [ACK] Seq=399990 Ack=4299 Win=39808 Len=1460 [TCP segment of a reassembled PDU]"
"424","2.214195","taurinus.sui-inter.net","192.168.1.107","TCP","1514","443  >  57174 [ACK] Seq=401450 Ack=4299 Win=39808 Len=1460 [TCP segment of a reassembled PDU]"
"425","2.214195","taurinus.sui-inter.net","192.168.1.107","TCP","1514","443  >  57174 [ACK] Seq=402910 Ack=4299 Win=39808 Len=1460 [TCP segment of a reassembled PDU]"
"426","2.214342","192.168.1.107","taurinus.sui-inter.net","TCP","54","57174  >  443 [ACK] Seq=4299 Ack=404370 Win=262656 Len=0"
"427","2.215958","taurinus.sui-inter.net","192.168.1.107","TCP","1514","443  >  57174 [ACK] Seq=404370 Ack=4299 Win=39808 Len=1460 [TCP segment of a reassembled PDU]"
"428","2.215958","taurinus.sui-inter.net","192.168.1.107","TCP","1514","443  >  57174 [ACK] Seq=405830 Ack=4299 Win=39808 Len=1460 [TCP segment of a reassembled PDU]"
"429","2.215958","taurinus.sui-inter.net","192.168.1.107","TCP","1514","443  >  57174 [ACK] Seq=407290 Ack=4299 Win=39808 Len=1460 [TCP segment of a reassembled PDU]"
"430","2.215958","taurinus.sui-inter.net","192.168.1.107","TCP","1514","443  >  57174 [ACK] Seq=408750 Ack=4299 Win=39808 Len=1460 [TCP segment of a reassembled PDU]"
"431","2.215958","taurinus.sui-inter.net","192.168.1.107","TCP","1514","443  >  57174 [ACK] Seq=410210 Ack=4299 Win=39808 Len=1460 [TCP segment of a reassembled PDU]"
"432","2.215958","taurinus.sui-inter.net","192.168.1.107","TCP","1514","443  >  57174 [ACK] Seq=411670 Ack=4299 Win=39808 Len=1460 [TCP segment of a reassembled PDU]"
"433","2.215958","taurinus.sui-inter.net","192.168.1.107","TCP","1514","443  >  57174 [ACK] Seq=413130 Ack=4299 Win=39808 Len=1460 [TCP segment of a reassembled PDU]"
"434","2.215958","taurinus.sui-inter.net","192.168.1.107","TLSv1.3","1514","Application Data"
"435","2.216060","192.168.1.107","taurinus.sui-inter.net","TCP","54","57174  >  443 [ACK] Seq=4299 Ack=416050 Win=262656 Len=0"
"436","2.216161","taurinus.sui-inter.net","192.168.1.107","TLSv1.3","873","Application Data"
"437","2.216216","192.168.1.107","taurinus.sui-inter.net","TCP","54","57174  >  443 [ACK] Seq=4299 Ack=416869 Win=261888 Len=0"
"438","2.221176","192.168.1.107","taurinus.sui-inter.net","TLSv1.3","128","Application Data"
"439","2.222636","192.168.1.107","taurinus.sui-inter.net","TLSv1.3","89","Application Data"
"440","2.227081","taurinus.sui-inter.net","192.168.1.107","TCP","60","443  >  57174 [ACK] Seq=416869 Ack=4408 Win=39808 Len=0"
"441","2.271132","192.168.1.107","taurinus.sui-inter.net","TLSv1.3","152","Application Data"
"442","2.271501","192.168.1.107","taurinus.sui-inter.net","TLSv1.3","151","Application Data"
"443","2.271713","192.168.1.107","taurinus.sui-inter.net","TLSv1.3","146","Application Data"
"444","2.271866","192.168.1.107","taurinus.sui-inter.net","TLSv1.3","150","Application Data"
"445","2.272327","192.168.1.107","taurinus.sui-inter.net","TLSv1.3","149","Application Data"
"446","2.274416","192.168.1.107","taurinus.sui-inter.net","TLSv1.3","89","Application Data"
"447","2.274893","192.168.1.107","taurinus.sui-inter.net","TLSv1.3","89","Application Data"
"448","2.275226","192.168.1.107","taurinus.sui-inter.net","TLSv1.3","89","Application Data"
"449","2.276941","192.168.1.107","taurinus.sui-inter.net","TLSv1.3","89","Application Data"
"450","2.277485","192.168.1.107","taurinus.sui-inter.net","TLSv1.3","89","Application Data"
"451","2.279202","taurinus.sui-inter.net","192.168.1.107","TCP","60","443  >  57174 [ACK] Seq=416869 Ack=4603 Win=39808 Len=0"
"452","2.279202","taurinus.sui-inter.net","192.168.1.107","TCP","60","443  >  57174 [ACK] Seq=416869 Ack=4791 Win=39808 Len=0"
"453","2.279202","taurinus.sui-inter.net","192.168.1.107","TCP","60","443  >  57174 [ACK] Seq=416869 Ack=4921 Win=39808 Len=0"
"454","2.279202","taurinus.sui-inter.net","192.168.1.107","TCP","1514","443  >  57174 [ACK] Seq=416869 Ack=4921 Win=39808 Len=1460 [TCP segment of a reassembled PDU]"
"455","2.279202","taurinus.sui-inter.net","192.168.1.107","TCP","1514","443  >  57174 [ACK] Seq=418329 Ack=4921 Win=39808 Len=1460 [TCP segment of a reassembled PDU]"
"456","2.279202","taurinus.sui-inter.net","192.168.1.107","TCP","1514","443  >  57174 [ACK] Seq=419789 Ack=4921 Win=39808 Len=1460 [TCP segment of a reassembled PDU]"
"457","2.279202","taurinus.sui-inter.net","192.168.1.107","TCP","1514","443  >  57174 [ACK] Seq=421249 Ack=4921 Win=39808 Len=1460 [TCP segment of a reassembled PDU]"
"458","2.279202","taurinus.sui-inter.net","192.168.1.107","TCP","1514","443  >  57174 [ACK] Seq=422709 Ack=4921 Win=39808 Len=1460 [TCP segment of a reassembled PDU]"
"459","2.279202","taurinus.sui-inter.net","192.168.1.107","TCP","1514","443  >  57174 [ACK] Seq=424169 Ack=4921 Win=39808 Len=1460 [TCP segment of a reassembled PDU]"
"460","2.279202","taurinus.sui-inter.net","192.168.1.107","TCP","1514","443  >  57174 [ACK] Seq=425629 Ack=4921 Win=39808 Len=1460 [TCP segment of a reassembled PDU]"
"461","2.279202","taurinus.sui-inter.net","192.168.1.107","TCP","1514","443  >  57174 [ACK] Seq=427089 Ack=4921 Win=39808 Len=1460 [TCP segment of a reassembled PDU]"
"462","2.279202","taurinus.sui-inter.net","192.168.1.107","TCP","1514","443  >  57174 [ACK] Seq=428549 Ack=4921 Win=39808 Len=1460 [TCP segment of a reassembled PDU]"
"463","2.279202","taurinus.sui-inter.net","192.168.1.107","TCP","1514","443  >  57174 [ACK] Seq=430009 Ack=4921 Win=39808 Len=1460 [TCP segment of a reassembled PDU]"
"464","2.279446","192.168.1.107","taurinus.sui-inter.net","TCP","54","57174  >  443 [ACK] Seq=5061 Ack=431469 Win=262656 Len=0"
"465","2.280226","taurinus.sui-inter.net","192.168.1.107","TCP","1514","443  >  57174 [ACK] Seq=431469 Ack=4921 Win=39808 Len=1460 [TCP segment of a reassembled PDU]"
"466","2.280226","taurinus.sui-inter.net","192.168.1.107","TLSv1.3","1514","Application Data"
"467","2.280226","taurinus.sui-inter.net","192.168.1.107","TCP","1514","443  >  57174 [ACK] Seq=434389 Ack=4921 Win=39808 Len=1460 [TCP segment of a reassembled PDU]"
"468","2.280226","taurinus.sui-inter.net","192.168.1.107","TCP","1514","443  >  57174 [ACK] Seq=435849 Ack=4921 Win=39808 Len=1460 [TCP segment of a reassembled PDU]"
"469","2.280226","taurinus.sui-inter.net","192.168.1.107","TCP","1514","443  >  57174 [ACK] Seq=437309 Ack=4921 Win=39808 Len=1460 [TCP segment of a reassembled PDU]"
"470","2.280226","taurinus.sui-inter.net","192.168.1.107","TCP","1514","443  >  57174 [ACK] Seq=438769 Ack=4956 Win=39808 Len=1460 [TCP segment of a reassembled PDU]"
"471","2.280226","taurinus.sui-inter.net","192.168.1.107","TCP","1514","443  >  57174 [ACK] Seq=440229 Ack=4956 Win=39808 Len=1460 [TCP segment of a reassembled PDU]"
"472","2.280226","taurinus.sui-inter.net","192.168.1.107","TCP","1514","443  >  57174 [ACK] Seq=441689 Ack=4956 Win=39808 Len=1460 [TCP segment of a reassembled PDU]"
"473","2.280334","192.168.1.107","taurinus.sui-inter.net","TCP","54","57174  >  443 [ACK] Seq=5061 Ack=443149 Win=262656 Len=0"
"474","2.283005","taurinus.sui-inter.net","192.168.1.107","TCP","60","443  >  57174 [ACK] Seq=443149 Ack=5026 Win=39808 Len=0"
"475","2.285797","taurinus.sui-inter.net","192.168.1.107","TCP","1514","443  >  57174 [ACK] Seq=443149 Ack=5061 Win=39808 Len=1460 [TCP segment of a reassembled PDU]"
"476","2.285797","taurinus.sui-inter.net","192.168.1.107","TCP","1514","443  >  57174 [ACK] Seq=444609 Ack=5061 Win=39808 Len=1460 [TCP segment of a reassembled PDU]"
"477","2.285797","taurinus.sui-inter.net","192.168.1.107","TCP","1514","443  >  57174 [ACK] Seq=446069 Ack=5061 Win=39808 Len=1460 [TCP segment of a reassembled PDU]"
"478","2.285797","taurinus.sui-inter.net","192.168.1.107","TCP","1514","443  >  57174 [ACK] Seq=447529 Ack=5061 Win=39808 Len=1460 [TCP segment of a reassembled PDU]"
"479","2.285797","taurinus.sui-inter.net","192.168.1.107","TLSv1.3","1514","Application Data, Application Data"
"480","2.285797","taurinus.sui-inter.net","192.168.1.107","TCP","1514","443  >  57174 [ACK] Seq=450449 Ack=5061 Win=39808 Len=1460 [TCP segment of a reassembled PDU]"
"481","2.285797","taurinus.sui-inter.net","192.168.1.107","TCP","1514","443  >  57174 [ACK] Seq=451909 Ack=5061 Win=39808 Len=1460 [TCP segment of a reassembled PDU]"
"482","2.285994","192.168.1.107","taurinus.sui-inter.net","TCP","54","57174  >  443 [ACK] Seq=5061 Ack=453369 Win=262656 Len=0"
"483","2.287382","taurinus.sui-inter.net","192.168.1.107","TCP","1514","443  >  57174 [ACK] Seq=453369 Ack=5061 Win=39808 Len=1460 [TCP segment of a reassembled PDU]"
"484","2.287382","taurinus.sui-inter.net","192.168.1.107","TCP","1514","443  >  57174 [ACK] Seq=454829 Ack=5061 Win=39808 Len=1460 [TCP segment of a reassembled PDU]"
"485","2.287382","taurinus.sui-inter.net","192.168.1.107","TCP","1514","443  >  57174 [ACK] Seq=456289 Ack=5061 Win=39808 Len=1460 [TCP segment of a reassembled PDU]"
"486","2.287382","taurinus.sui-inter.net","192.168.1.107","TCP","1514","443  >  57174 [ACK] Seq=457749 Ack=5061 Win=39808 Len=1460 [TCP segment of a reassembled PDU]"
"487","2.287382","taurinus.sui-inter.net","192.168.1.107","TCP","1514","443  >  57174 [ACK] Seq=459209 Ack=5061 Win=39808 Len=1460 [TCP segment of a reassembled PDU]"
"488","2.287382","taurinus.sui-inter.net","192.168.1.107","TCP","1514","443  >  57174 [ACK] Seq=460669 Ack=5061 Win=39808 Len=1460 [TCP segment of a reassembled PDU]"
"489","2.287382","taurinus.sui-inter.net","192.168.1.107","TCP","1514","443  >  57174 [ACK] Seq=462129 Ack=5061 Win=39808 Len=1460 [TCP segment of a reassembled PDU]"
"490","2.287382","taurinus.sui-inter.net","192.168.1.107","TCP","1514","443  >  57174 [ACK] Seq=463589 Ack=5061 Win=39808 Len=1460 [TCP segment of a reassembled PDU]"
"491","2.287502","192.168.1.107","taurinus.sui-inter.net","TCP","54","57174  >  443 [ACK] Seq=5061 Ack=465049 Win=262656 Len=0"
"492","2.294223","taurinus.sui-inter.net","192.168.1.107","TLSv1.3","1514","Application Data"
"493","2.294223","taurinus.sui-inter.net","192.168.1.107","TCP","1514","443  >  57174 [ACK] Seq=466509 Ack=5061 Win=39808 Len=1460 [TCP segment of a reassembled PDU]"
"494","2.294223","taurinus.sui-inter.net","192.168.1.107","TCP","1514","443  >  57174 [ACK] Seq=467969 Ack=5061 Win=39808 Len=1460 [TCP segment of a reassembled PDU]"
"495","2.294223","taurinus.sui-inter.net","192.168.1.107","TCP","1514","443  >  57174 [ACK] Seq=469429 Ack=5061 Win=39808 Len=1460 [TCP segment of a reassembled PDU]"
"496","2.294223","taurinus.sui-inter.net","192.168.1.107","TCP","1514","443  >  57174 [ACK] Seq=470889 Ack=5061 Win=39808 Len=1460 [TCP segment of a reassembled PDU]"
"497","2.294223","taurinus.sui-inter.net","192.168.1.107","TCP","1514","443  >  57174 [ACK] Seq=472349 Ack=5061 Win=39808 Len=1460 [TCP segment of a reassembled PDU]"
"498","2.294223","taurinus.sui-inter.net","192.168.1.107","TCP","1514","443  >  57174 [ACK] Seq=473809 Ack=5061 Win=39808 Len=1460 [TCP segment of a reassembled PDU]"
"499","2.294223","taurinus.sui-inter.net","192.168.1.107","TCP","1514","443  >  57174 [ACK] Seq=475269 Ack=5061 Win=39808 Len=1460 [TCP segment of a reassembled PDU]"
"500","2.294223","taurinus.sui-inter.net","192.168.1.107","TCP","1514","443  >  57174 [ACK] Seq=476729 Ack=5061 Win=39808 Len=1460 [TCP segment of a reassembled PDU]"
"501","2.294223","taurinus.sui-inter.net","192.168.1.107","TCP","1514","443  >  57174 [ACK] Seq=478189 Ack=5061 Win=39808 Len=1460 [TCP segment of a reassembled PDU]"
"502","2.294223","taurinus.sui-inter.net","192.168.1.107","TCP","1514","443  >  57174 [ACK] Seq=479649 Ack=5061 Win=39808 Len=1460 [TCP segment of a reassembled PDU]"
"503","2.294223","taurinus.sui-inter.net","192.168.1.107","TCP","1514","443  >  57174 [ACK] Seq=481109 Ack=5061 Win=39808 Len=1460 [TCP segment of a reassembled PDU]"
"504","2.294223","taurinus.sui-inter.net","192.168.1.107","TLSv1.3","1514","Application Data, Application Data"
"505","2.294223","taurinus.sui-inter.net","192.168.1.107","TCP","1514","443  >  57174 [ACK] Seq=484029 Ack=5061 Win=39808 Len=1460 [TCP segment of a reassembled PDU]"
"506","2.294223","taurinus.sui-inter.net","192.168.1.107","TCP","1514","443  >  57174 [ACK] Seq=485489 Ack=5061 Win=39808 Len=1460 [TCP segment of a reassembled PDU]"
"507","2.294443","192.168.1.107","taurinus.sui-inter.net","TCP","54","57174  >  443 [ACK] Seq=5061 Ack=486949 Win=262656 Len=0"
"508","2.299629","taurinus.sui-inter.net","192.168.1.107","TCP","1514","443  >  57174 [ACK] Seq=486949 Ack=5061 Win=39808 Len=1460 [TCP segment of a reassembled PDU]"
"509","2.299629","taurinus.sui-inter.net","192.168.1.107","TCP","1514","443  >  57174 [ACK] Seq=488409 Ack=5061 Win=39808 Len=1460 [TCP segment of a reassembled PDU]"
"510","2.299629","taurinus.sui-inter.net","192.168.1.107","TCP","1514","443  >  57174 [ACK] Seq=489869 Ack=5061 Win=39808 Len=1460 [TCP segment of a reassembled PDU]"
"511","2.299629","taurinus.sui-inter.net","192.168.1.107","TCP","1514","443  >  57174 [ACK] Seq=491329 Ack=5061 Win=39808 Len=1460 [TCP segment of a reassembled PDU]"
"512","2.299629","taurinus.sui-inter.net","192.168.1.107","TCP","1514","443  >  57174 [ACK] Seq=492789 Ack=5061 Win=39808 Len=1460 [TCP segment of a reassembled PDU]"
"513","2.299629","taurinus.sui-inter.net","192.168.1.107","TCP","1514","443  >  57174 [ACK] Seq=494249 Ack=5061 Win=39808 Len=1460 [TCP segment of a reassembled PDU]"
"514","2.299629","taurinus.sui-inter.net","192.168.1.107","TLSv1.3","1514","Application Data"
"515","2.299629","taurinus.sui-inter.net","192.168.1.107","TCP","1514","443  >  57174 [ACK] Seq=497169 Ack=5061 Win=39808 Len=1460 [TCP segment of a reassembled PDU]"
"516","2.299629","taurinus.sui-inter.net","192.168.1.107","TCP","1514","443  >  57174 [ACK] Seq=498629 Ack=5061 Win=39808 Len=1460 [TCP segment of a reassembled PDU]"
"517","2.299629","taurinus.sui-inter.net","192.168.1.107","TCP","1514","443  >  57174 [ACK] Seq=500089 Ack=5061 Win=39808 Len=1460 [TCP segment of a reassembled PDU]"
"518","2.299629","taurinus.sui-inter.net","192.168.1.107","TCP","1514","443  >  57174 [ACK] Seq=501549 Ack=5061 Win=39808 Len=1460 [TCP segment of a reassembled PDU]"
"519","2.299761","192.168.1.107","taurinus.sui-inter.net","TCP","54","57174  >  443 [ACK] Seq=5061 Ack=503009 Win=262656 Len=0"
"520","2.301560","taurinus.sui-inter.net","192.168.1.107","TCP","1514","443  >  57174 [ACK] Seq=503009 Ack=5061 Win=39808 Len=1460 [TCP segment of a reassembled PDU]"
"521","2.301560","taurinus.sui-inter.net","192.168.1.107","TCP","1514","443  >  57174 [ACK] Seq=504469 Ack=5061 Win=39808 Len=1460 [TCP segment of a reassembled PDU]"
"522","2.301560","taurinus.sui-inter.net","192.168.1.107","TCP","1514","443  >  57174 [ACK] Seq=505929 Ack=5061 Win=39808 Len=1460 [TCP segment of a reassembled PDU]"
"523","2.301560","taurinus.sui-inter.net","192.168.1.107","TCP","1514","443  >  57174 [ACK] Seq=507389 Ack=5061 Win=39808 Len=1460 [TCP segment of a reassembled PDU]"
"524","2.301560","taurinus.sui-inter.net","192.168.1.107","TCP","1514","443  >  57174 [ACK] Seq=508849 Ack=5061 Win=39808 Len=1460 [TCP segment of a reassembled PDU]"
"525","2.301560","taurinus.sui-inter.net","192.168.1.107","TCP","1514","443  >  57174 [ACK] Seq=510309 Ack=5061 Win=39808 Len=1460 [TCP segment of a reassembled PDU]"
"526","2.301560","taurinus.sui-inter.net","192.168.1.107","TLSv1.3","1514","Application Data"
"527","2.301560","taurinus.sui-inter.net","192.168.1.107","TCP","1514","443  >  57174 [ACK] Seq=513229 Ack=5061 Win=39808 Len=1460 [TCP segment of a reassembled PDU]"
"528","2.301667","192.168.1.107","taurinus.sui-inter.net","TCP","54","57174  >  443 [ACK] Seq=5061 Ack=514689 Win=262656 Len=0"
"529","2.305288","taurinus.sui-inter.net","192.168.1.107","TCP","1514","443  >  57174 [ACK] Seq=514689 Ack=5061 Win=39808 Len=1460 [TCP segment of a reassembled PDU]"
"530","2.305288","taurinus.sui-inter.net","192.168.1.107","TCP","1514","443  >  57174 [ACK] Seq=516149 Ack=5061 Win=39808 Len=1460 [TCP segment of a reassembled PDU]"
"531","2.305288","taurinus.sui-inter.net","192.168.1.107","TCP","1514","443  >  57174 [ACK] Seq=517609 Ack=5061 Win=39808 Len=1460 [TCP segment of a reassembled PDU]"
"532","2.305288","taurinus.sui-inter.net","192.168.1.107","TCP","1514","443  >  57174 [ACK] Seq=519069 Ack=5061 Win=39808 Len=1460 [TCP segment of a reassembled PDU]"
"533","2.305288","taurinus.sui-inter.net","192.168.1.107","TCP","1514","443  >  57174 [ACK] Seq=520529 Ack=5061 Win=39808 Len=1460 [TCP segment of a reassembled PDU]"
"534","2.305288","taurinus.sui-inter.net","192.168.1.107","TCP","1514","443  >  57174 [ACK] Seq=521989 Ack=5061 Win=39808 Len=1460 [TCP segment of a reassembled PDU]"
"535","2.305288","taurinus.sui-inter.net","192.168.1.107","TCP","1514","443  >  57174 [ACK] Seq=523449 Ack=5061 Win=39808 Len=1460 [TCP segment of a reassembled PDU]"
"536","2.305288","taurinus.sui-inter.net","192.168.1.107","TCP","1514","443  >  57174 [ACK] Seq=524909 Ack=5061 Win=39808 Len=1460 [TCP segment of a reassembled PDU]"
"537","2.305288","taurinus.sui-inter.net","192.168.1.107","TCP","1514","443  >  57174 [ACK] Seq=526369 Ack=5061 Win=39808 Len=1460 [TCP segment of a reassembled PDU]"
"538","2.305288","taurinus.sui-inter.net","192.168.1.107","TCP","1514","443  >  57174 [ACK] Seq=527829 Ack=5061 Win=39808 Len=1460 [TCP segment of a reassembled PDU]"
"539","2.305431","192.168.1.107","taurinus.sui-inter.net","TCP","54","57174  >  443 [ACK] Seq=5061 Ack=529289 Win=262656 Len=0"
"540","2.309021","taurinus.sui-inter.net","192.168.1.107","TLSv1.3","1514","Application Data, Application Data"
"541","2.309021","taurinus.sui-inter.net","192.168.1.107","TCP","1514","443  >  57174 [ACK] Seq=530749 Ack=5061 Win=39808 Len=1460 [TCP segment of a reassembled PDU]"
"542","2.309021","taurinus.sui-inter.net","192.168.1.107","TCP","1514","443  >  57174 [ACK] Seq=532209 Ack=5061 Win=39808 Len=1460 [TCP segment of a reassembled PDU]"
"543","2.309021","taurinus.sui-inter.net","192.168.1.107","TCP","1514","443  >  57174 [ACK] Seq=533669 Ack=5061 Win=39808 Len=1460 [TCP segment of a reassembled PDU]"
"544","2.309021","taurinus.sui-inter.net","192.168.1.107","TCP","1514","443  >  57174 [ACK] Seq=535129 Ack=5061 Win=39808 Len=1460 [TCP segment of a reassembled PDU]"
"545","2.309021","taurinus.sui-inter.net","192.168.1.107","TCP","1514","443  >  57174 [ACK] Seq=536589 Ack=5061 Win=39808 Len=1460 [TCP segment of a reassembled PDU]"
"546","2.309021","taurinus.sui-inter.net","192.168.1.107","TCP","1514","443  >  57174 [ACK] Seq=538049 Ack=5061 Win=39808 Len=1460 [TCP segment of a reassembled PDU]"
"547","2.309021","taurinus.sui-inter.net","192.168.1.107","TCP","1514","443  >  57174 [ACK] Seq=539509 Ack=5061 Win=39808 Len=1460 [TCP segment of a reassembled PDU]"
"548","2.309021","taurinus.sui-inter.net","192.168.1.107","TCP","1514","443  >  57174 [ACK] Seq=540969 Ack=5061 Win=39808 Len=1460 [TCP segment of a reassembled PDU]"
"549","2.309021","taurinus.sui-inter.net","192.168.1.107","TCP","1514","443  >  57174 [ACK] Seq=542429 Ack=5061 Win=39808 Len=1460 [TCP segment of a reassembled PDU]"
"550","2.309172","192.168.1.107","taurinus.sui-inter.net","TCP","54","57174  >  443 [ACK] Seq=5061 Ack=543889 Win=262656 Len=0"
"551","2.316996","taurinus.sui-inter.net","192.168.1.107","TCP","1514","443  >  57174 [ACK] Seq=543889 Ack=5061 Win=39808 Len=1460 [TCP segment of a reassembled PDU]"
"552","2.316996","taurinus.sui-inter.net","192.168.1.107","TLSv1.3","1514","Application Data"
"553","2.316996","taurinus.sui-inter.net","192.168.1.107","TCP","1514","443  >  57174 [ACK] Seq=546809 Ack=5061 Win=39808 Len=1460 [TCP segment of a reassembled PDU]"
"554","2.316996","taurinus.sui-inter.net","192.168.1.107","TCP","1514","443  >  57174 [ACK] Seq=548269 Ack=5061 Win=39808 Len=1460 [TCP segment of a reassembled PDU]"
"555","2.316996","taurinus.sui-inter.net","192.168.1.107","TCP","1514","443  >  57174 [ACK] Seq=549729 Ack=5061 Win=39808 Len=1460 [TCP segment of a reassembled PDU]"
"556","2.316996","taurinus.sui-inter.net","192.168.1.107","TCP","1514","443  >  57174 [ACK] Seq=551189 Ack=5061 Win=39808 Len=1460 [TCP segment of a reassembled PDU]"
"557","2.316996","taurinus.sui-inter.net","192.168.1.107","TCP","1514","443  >  57174 [ACK] Seq=552649 Ack=5061 Win=39808 Len=1460 [TCP segment of a reassembled PDU]"
"558","2.316996","taurinus.sui-inter.net","192.168.1.107","TCP","1514","443  >  57174 [ACK] Seq=554109 Ack=5061 Win=39808 Len=1460 [TCP segment of a reassembled PDU]"
"559","2.316996","taurinus.sui-inter.net","192.168.1.107","TCP","1514","443  >  57174 [ACK] Seq=555569 Ack=5061 Win=39808 Len=1460 [TCP segment of a reassembled PDU]"
"560","2.316996","taurinus.sui-inter.net","192.168.1.107","TCP","1514","443  >  57174 [ACK] Seq=557029 Ack=5061 Win=39808 Len=1460 [TCP segment of a reassembled PDU]"
"561","2.316996","taurinus.sui-inter.net","192.168.1.107","TCP","1514","443  >  57174 [ACK] Seq=558489 Ack=5061 Win=39808 Len=1460 [TCP segment of a reassembled PDU]"
"562","2.316996","taurinus.sui-inter.net","192.168.1.107","TCP","1514","443  >  57174 [ACK] Seq=559949 Ack=5061 Win=39808 Len=1460 [TCP segment of a reassembled PDU]"
"563","2.316996","taurinus.sui-inter.net","192.168.1.107","TLSv1.3","1514","Application Data, Application Data"
"564","2.316996","taurinus.sui-inter.net","192.168.1.107","TCP","1514","443  >  57174 [ACK] Seq=562869 Ack=5061 Win=39808 Len=1460 [TCP segment of a reassembled PDU]"
"565","2.316996","taurinus.sui-inter.net","192.168.1.107","TCP","1514","443  >  57174 [ACK] Seq=564329 Ack=5061 Win=39808 Len=1460 [TCP segment of a reassembled PDU]"
"566","2.316996","taurinus.sui-inter.net","192.168.1.107","TCP","1514","443  >  57174 [ACK] Seq=565789 Ack=5061 Win=39808 Len=1460 [TCP segment of a reassembled PDU]"
"567","2.316996","taurinus.sui-inter.net","192.168.1.107","TCP","1514","443  >  57174 [ACK] Seq=567249 Ack=5061 Win=39808 Len=1460 [TCP segment of a reassembled PDU]"
"568","2.316996","taurinus.sui-inter.net","192.168.1.107","TCP","1514","443  >  57174 [ACK] Seq=568709 Ack=5061 Win=39808 Len=1460 [TCP segment of a reassembled PDU]"
"569","2.316996","taurinus.sui-inter.net","192.168.1.107","TCP","1514","443  >  57174 [PSH, ACK] Seq=570169 Ack=5061 Win=39808 Len=1460 [TCP segment of a reassembled PDU]"
"570","2.317276","192.168.1.107","taurinus.sui-inter.net","TCP","54","57174  >  443 [ACK] Seq=5061 Ack=571629 Win=262656 Len=0"
"571","2.322990","taurinus.sui-inter.net","192.168.1.107","TCP","1514","443  >  57174 [ACK] Seq=571629 Ack=5061 Win=39808 Len=1460 [TCP segment of a reassembled PDU]"
"572","2.322990","taurinus.sui-inter.net","192.168.1.107","TCP","1514","443  >  57174 [ACK] Seq=573089 Ack=5061 Win=39808 Len=1460 [TCP segment of a reassembled PDU]"
"573","2.322990","taurinus.sui-inter.net","192.168.1.107","TCP","1514","443  >  57174 [ACK] Seq=574549 Ack=5061 Win=39808 Len=1460 [TCP segment of a reassembled PDU]"
"574","2.322990","taurinus.sui-inter.net","192.168.1.107","TCP","1514","443  >  57174 [ACK] Seq=576009 Ack=5061 Win=39808 Len=1460 [TCP segment of a reassembled PDU]"
"575","2.322990","taurinus.sui-inter.net","192.168.1.107","TCP","1514","443  >  57174 [ACK] Seq=577469 Ack=5061 Win=39808 Len=1460 [TCP segment of a reassembled PDU]"
"576","2.322990","taurinus.sui-inter.net","192.168.1.107","TLSv1.3","598","Application Data, Application Data"
"577","2.323129","192.168.1.107","taurinus.sui-inter.net","TCP","54","57174  >  443 [ACK] Seq=5061 Ack=579473 Win=262656 Len=0"
